first_visit_date,views,days_since_first_visit,retained_users,total_users_cohort,retention_rate
2019-10-01,a. 0~5,0,5711,5711,1.0
2019-10-01,a. 0~5,1,1698,5711,0.29732095955174226
2019-10-01,a. 0~5,2,1571,5711,0.275083172824374
2019-10-01,a. 0~5,3,1870,5711,0.32743827700928035
2019-10-01,a. 0~5,4,1669,5711,0.29224303974785504
2019-10-01,a. 0~5,5,1580,5711,0.276659078970408
2019-10-01,a. 0~5,6,1547,5711,0.2708807564349501
2019-10-01,a. 0~5,7,1629,5711,0.2852390124321485
2019-10-01,a. 0~5,8,1553,5711,0.2719313605323061
2019-10-01,a. 0~5,9,1550,5711,0.2714060584836281
2019-10-01,a. 0~5,10,1705,5711,0.2985466643319909
2019-10-01,a. 0~5,11,1519,5711,0.2659779373139555
2019-10-01,a. 0~5,12,1640,5711,0.28716511994396776
2019-10-01,a. 0~5,13,1730,5711,0.3029241814043075
2019-10-01,a. 0~5,14,1709,5711,0.2992470670635615
2019-10-01,a. 0~5,15,1597,5711,0.27963579057958327
2019-10-01,a. 0~5,16,1499,5711,0.2624759236561023
2019-10-01,a. 0~5,17,1545,5711,0.2705305550691648
2019-10-01,a. 0~5,18,1421,5711,0.24881807039047452
2019-10-01,a. 0~5,19,1431,5711,0.25056907721940114
2019-10-01,a. 0~5,20,1445,5711,0.25302048677989847
2019-10-01,a. 0~5,21,1341,5711,0.23481001575906146
2019-10-01,a. 0~5,22,1374,5711,0.24058833829451934
2019-10-01,a. 0~5,23,1341,5711,0.23481001575906146
2019-10-01,a. 0~5,24,1379,5711,0.24146384170898266
2019-10-01,a. 0~5,25,1284,5711,0.22482927683417966
2019-10-01,a. 0~5,26,1241,5711,0.21729994746979514
2019-10-01,a. 0~5,27,1278,5711,0.22377867273682367
2019-10-01,a. 0~5,28,1217,5711,0.21309753108037122
2019-10-01,a. 0~5,29,1182,5711,0.206969007179128
2019-10-01,a. 0~5,30,1183,5711,0.20714410786202067
2019-10-01,b. 6~10,0,2420,2420,1.0
2019-10-01,b. 6~10,1,870,2420,0.359504132231405
2019-10-01,b. 6~10,2,775,2420,0.3202479338842975
2019-10-01,b. 6~10,3,857,2420,0.3541322314049587
2019-10-01,b. 6~10,4,748,2420,0.3090909090909091
2019-10-01,b. 6~10,5,687,2420,0.28388429752066113
2019-10-01,b. 6~10,6,691,2420,0.2855371900826446
2019-10-01,b. 6~10,7,717,2420,0.2962809917355372
2019-10-01,b. 6~10,8,723,2420,0.2987603305785124
2019-10-01,b. 6~10,9,681,2420,0.28140495867768595
2019-10-01,b. 6~10,10,747,2420,0.3086776859504132
2019-10-01,b. 6~10,11,673,2420,0.278099173553719
2019-10-01,b. 6~10,12,719,2420,0.29710743801652895
2019-10-01,b. 6~10,13,734,2420,0.30330578512396694
2019-10-01,b. 6~10,14,718,2420,0.29669421487603304
2019-10-01,b. 6~10,15,670,2420,0.2768595041322314
2019-10-01,b. 6~10,16,667,2420,0.2756198347107438
2019-10-01,b. 6~10,17,702,2420,0.2900826446280992
2019-10-01,b. 6~10,18,624,2420,0.2578512396694215
2019-10-01,b. 6~10,19,625,2420,0.25826446280991733
2019-10-01,b. 6~10,20,618,2420,0.2553719008264463
2019-10-01,b. 6~10,21,583,2420,0.2409090909090909
2019-10-01,b. 6~10,22,582,2420,0.24049586776859505
2019-10-01,b. 6~10,23,579,2420,0.23925619834710743
2019-10-01,b. 6~10,24,649,2420,0.2681818181818182
2019-10-01,b. 6~10,25,561,2420,0.2318181818181818
2019-10-01,b. 6~10,26,568,2420,0.23471074380165288
2019-10-01,b. 6~10,27,551,2420,0.22768595041322315
2019-10-01,b. 6~10,28,492,2420,0.20330578512396694
2019-10-01,b. 6~10,29,520,2420,0.21487603305785125
2019-10-01,b. 6~10,30,527,2420,0.21776859504132232
2019-10-01,c. 11~30,0,3285,3285,1.0
2019-10-01,c. 11~30,1,1357,3285,0.413089802130898
2019-10-01,c. 11~30,2,1170,3285,0.3561643835616438
2019-10-01,c. 11~30,3,1267,3285,0.3856925418569254
2019-10-01,c. 11~30,4,1069,3285,0.3254185692541857
2019-10-01,c. 11~30,5,997,3285,0.3035007610350076
2019-10-01,c. 11~30,6,1017,3285,0.3095890410958904
2019-10-01,c. 11~30,7,1029,3285,0.3132420091324201
2019-10-01,c. 11~30,8,992,3285,0.3019786910197869
2019-10-01,c. 11~30,9,998,3285,0.30380517503805177
2019-10-01,c. 11~30,10,1043,3285,0.31750380517503807
2019-10-01,c. 11~30,11,961,3285,0.29254185692541856
2019-10-01,c. 11~30,12,993,3285,0.30228310502283107
2019-10-01,c. 11~30,13,988,3285,0.30076103500761037
2019-10-01,c. 11~30,14,1071,3285,0.32602739726027397
2019-10-01,c. 11~30,15,945,3285,0.2876712328767123
2019-10-01,c. 11~30,16,938,3285,0.28554033485540337
2019-10-01,c. 11~30,17,976,3285,0.29710806697108066
2019-10-01,c. 11~30,18,882,3285,0.2684931506849315
2019-10-01,c. 11~30,19,851,3285,0.25905631659056316
2019-10-01,c. 11~30,20,817,3285,0.2487062404870624
2019-10-01,c. 11~30,21,825,3285,0.2511415525114155
2019-10-01,c. 11~30,22,840,3285,0.2557077625570776
2019-10-01,c. 11~30,23,776,3285,0.23622526636225266
2019-10-01,c. 11~30,24,881,3285,0.26818873668188736
2019-10-01,c. 11~30,25,759,3285,0.2310502283105023
2019-10-01,c. 11~30,26,727,3285,0.2213089802130898
2019-10-01,c. 11~30,27,780,3285,0.2374429223744292
2019-10-01,c. 11~30,28,725,3285,0.2207001522070015
2019-10-01,c. 11~30,29,695,3285,0.2115677321156773
2019-10-01,c. 11~30,30,717,3285,0.2182648401826484
2019-10-01,d. 31~,0,1381,1381,1.0
2019-10-01,d. 31~,1,729,1381,0.5278783490224475
2019-10-01,d. 31~,2,586,1381,0.42433019551049966
2019-10-01,d. 31~,3,602,1381,0.4359160028964518
2019-10-01,d. 31~,4,526,1381,0.38088341781317886
2019-10-01,d. 31~,5,502,1381,0.36350470673425056
2019-10-01,d. 31~,6,480,1381,0.34757422157856627
2019-10-01,d. 31~,7,473,1381,0.3425054308472122
2019-10-01,d. 31~,8,464,1381,0.33598841419261405
2019-10-01,d. 31~,9,464,1381,0.33598841419261405
2019-10-01,d. 31~,10,455,1381,0.3294713975380159
2019-10-01,d. 31~,11,424,1381,0.30702389572773353
2019-10-01,d. 31~,12,438,1381,0.3171614771904417
2019-10-01,d. 31~,13,442,1381,0.32005792903692976
2019-10-01,d. 31~,14,466,1381,0.33743664011585806
2019-10-01,d. 31~,15,445,1381,0.3222302679217958
2019-10-01,d. 31~,16,426,1381,0.30847212165097754
2019-10-01,d. 31~,17,421,1381,0.30485155684286747
2019-10-01,d. 31~,18,384,1381,0.278059377262853
2019-10-01,d. 31~,19,376,1381,0.2722664735698769
2019-10-01,d. 31~,20,350,1381,0.25343953656770457
2019-10-01,d. 31~,21,354,1381,0.25633598841419264
2019-10-01,d. 31~,22,352,1381,0.2548877624909486
2019-10-01,d. 31~,23,331,1381,0.23968139029688632
2019-10-01,d. 31~,24,380,1381,0.27516292541636495
2019-10-01,d. 31~,25,311,1381,0.22519913106444606
2019-10-01,d. 31~,26,323,1381,0.2338884866039102
2019-10-01,d. 31~,27,342,1381,0.24764663287472846
2019-10-01,d. 31~,28,339,1381,0.24547429398986242
2019-10-01,d. 31~,29,337,1381,0.2440260680666184
2019-10-01,d. 31~,30,319,1381,0.23099203475742217
2019-10-02,a. 0~5,0,4059,4059,1.0
2019-10-02,a. 0~5,1,998,4059,0.24587336782458732
2019-10-02,a. 0~5,2,1177,4059,0.2899728997289973
2019-10-02,a. 0~5,3,998,4059,0.24587336782458732
2019-10-02,a. 0~5,4,986,4059,0.2429169746242917
2019-10-02,a. 0~5,5,957,4059,0.23577235772357724
2019-10-02,a. 0~5,6,992,4059,0.24439517122443952
2019-10-02,a. 0~5,7,1007,4059,0.24809066272480906
2019-10-02,a. 0~5,8,968,4059,0.23848238482384823
2019-10-02,a. 0~5,9,1093,4059,0.26927814732692784
2019-10-02,a. 0~5,10,988,4059,0.24340970682434096
2019-10-02,a. 0~5,11,1062,4059,0.2616407982261641
2019-10-02,a. 0~5,12,1069,4059,0.26336536092633656
2019-10-02,a. 0~5,13,1021,4059,0.251539788125154
2019-10-02,a. 0~5,14,999,4059,0.24611973392461198
2019-10-02,a. 0~5,15,948,4059,0.2335550628233555
2019-10-02,a. 0~5,16,997,4059,0.2456270017245627
2019-10-02,a. 0~5,17,902,4059,0.2222222222222222
2019-10-02,a. 0~5,18,922,4059,0.22714954422271497
2019-10-02,a. 0~5,19,880,4059,0.21680216802168023
2019-10-02,a. 0~5,20,862,4059,0.21236757822123675
2019-10-02,a. 0~5,21,859,4059,0.21162847992116285
2019-10-02,a. 0~5,22,788,4059,0.19413648681941365
2019-10-02,a. 0~5,23,881,4059,0.21704853412170486
2019-10-02,a. 0~5,24,783,4059,0.19290465631929046
2019-10-02,a. 0~5,25,773,4059,0.1904409953190441
2019-10-02,a. 0~5,26,811,4059,0.19980290711998028
2019-10-02,a. 0~5,27,747,4059,0.18403547671840353
2019-10-02,a. 0~5,28,707,4059,0.17418083271741808
2019-10-02,a. 0~5,29,717,4059,0.17664449371766444
2019-10-02,b. 6~10,0,1587,1587,1.0
2019-10-02,b. 6~10,1,433,1587,0.27284183994959044
2019-10-02,b. 6~10,2,505,1587,0.3182104599873976
2019-10-02,b. 6~10,3,398,1587,0.25078764965343414
2019-10-02,b. 6~10,4,352,1587,0.22180214240705734
2019-10-02,b. 6~10,5,370,1587,0.23314429741650913
2019-10-02,b. 6~10,6,376,1587,0.23692501575299307
2019-10-02,b. 6~10,7,408,1587,0.2570888468809074
2019-10-02,b. 6~10,8,367,1587,0.23125393824826718
2019-10-02,b. 6~10,9,410,1587,0.258349086326402
2019-10-02,b. 6~10,10,388,1587,0.24448645242596093
2019-10-02,b. 6~10,11,394,1587,0.24826717076244487
2019-10-02,b. 6~10,12,404,1587,0.2545683679899181
2019-10-02,b. 6~10,13,412,1587,0.25960932577189666
2019-10-02,b. 6~10,14,368,1587,0.2318840579710145
2019-10-02,b. 6~10,15,348,1587,0.21928166351606806
2019-10-02,b. 6~10,16,417,1587,0.2627599243856333
2019-10-02,b. 6~10,17,356,1587,0.22432262129804661
2019-10-02,b. 6~10,18,352,1587,0.22180214240705734
2019-10-02,b. 6~10,19,334,1587,0.21045998739760555
2019-10-02,b. 6~10,20,326,1587,0.20541902961562697
2019-10-02,b. 6~10,21,313,1587,0.19722747321991177
2019-10-02,b. 6~10,22,319,1587,0.2010081915563957
2019-10-02,b. 6~10,23,341,1587,0.2148708254568368
2019-10-02,b. 6~10,24,291,1587,0.1833648393194707
2019-10-02,b. 6~10,25,295,1587,0.18588531821045998
2019-10-02,b. 6~10,26,295,1587,0.18588531821045998
2019-10-02,b. 6~10,27,263,1587,0.1657214870825457
2019-10-02,b. 6~10,28,296,1587,0.18651543793320732
2019-10-02,b. 6~10,29,288,1587,0.18147448015122875
2019-10-02,c. 11~30,0,2030,2030,1.0
2019-10-02,c. 11~30,1,693,2030,0.3413793103448276
2019-10-02,c. 11~30,2,643,2030,0.3167487684729064
2019-10-02,c. 11~30,3,560,2030,0.27586206896551724
2019-10-02,c. 11~30,4,533,2030,0.2625615763546798
2019-10-02,c. 11~30,5,506,2030,0.24926108374384237
2019-10-02,c. 11~30,6,483,2030,0.23793103448275862
2019-10-02,c. 11~30,7,485,2030,0.23891625615763548
2019-10-02,c. 11~30,8,561,2030,0.27635467980295564
2019-10-02,c. 11~30,9,538,2030,0.2650246305418719
2019-10-02,c. 11~30,10,458,2030,0.22561576354679802
2019-10-02,c. 11~30,11,505,2030,0.24876847290640394
2019-10-02,c. 11~30,12,550,2030,0.270935960591133
2019-10-02,c. 11~30,13,530,2030,0.26108374384236455
2019-10-02,c. 11~30,14,480,2030,0.23645320197044334
2019-10-02,c. 11~30,15,473,2030,0.2330049261083744
2019-10-02,c. 11~30,16,522,2030,0.2571428571428571
2019-10-02,c. 11~30,17,438,2030,0.21576354679802956
2019-10-02,c. 11~30,18,446,2030,0.21970443349753693
2019-10-02,c. 11~30,19,425,2030,0.20935960591133004
2019-10-02,c. 11~30,20,436,2030,0.2147783251231527
2019-10-02,c. 11~30,21,446,2030,0.21970443349753693
2019-10-02,c. 11~30,22,399,2030,0.19655172413793104
2019-10-02,c. 11~30,23,472,2030,0.23251231527093597
2019-10-02,c. 11~30,24,409,2030,0.20147783251231527
2019-10-02,c. 11~30,25,395,2030,0.19458128078817735
2019-10-02,c. 11~30,26,417,2030,0.20541871921182267
2019-10-02,c. 11~30,27,413,2030,0.20344827586206896
2019-10-02,c. 11~30,28,383,2030,0.18866995073891626
2019-10-02,c. 11~30,29,386,2030,0.19014778325123152
2019-10-02,d. 31~,0,743,743,1.0
2019-10-02,d. 31~,1,339,743,0.45625841184387617
2019-10-02,d. 31~,2,292,743,0.39300134589502017
2019-10-02,d. 31~,3,232,743,0.3122476446837147
2019-10-02,d. 31~,4,219,743,0.29475100942126514
2019-10-02,d. 31~,5,234,743,0.3149394347240915
2019-10-02,d. 31~,6,217,743,0.2920592193808883
2019-10-02,d. 31~,7,218,743,0.2934051144010767
2019-10-02,d. 31~,8,207,743,0.27860026917900405
2019-10-02,d. 31~,9,240,743,0.32301480484522205
2019-10-02,d. 31~,10,205,743,0.2759084791386272
2019-10-02,d. 31~,11,201,743,0.27052489905787347
2019-10-02,d. 31~,12,221,743,0.297442799461642
2019-10-02,d. 31~,13,217,743,0.2920592193808883
2019-10-02,d. 31~,14,198,743,0.26648721399730824
2019-10-02,d. 31~,15,182,743,0.2449528936742934
2019-10-02,d. 31~,16,204,743,0.27456258411843876
2019-10-02,d. 31~,17,187,743,0.25168236877523553
2019-10-02,d. 31~,18,171,743,0.23014804845222073
2019-10-02,d. 31~,19,177,743,0.23822341857335128
2019-10-02,d. 31~,20,177,743,0.23822341857335128
2019-10-02,d. 31~,21,164,743,0.22072678331090176
2019-10-02,d. 31~,22,144,743,0.19380888290713325
2019-10-02,d. 31~,23,167,743,0.22476446837146702
2019-10-02,d. 31~,24,170,743,0.2288021534320323
2019-10-02,d. 31~,25,144,743,0.19380888290713325
2019-10-02,d. 31~,26,132,743,0.17765814266487215
2019-10-02,d. 31~,27,148,743,0.19919246298788695
2019-10-02,d. 31~,28,139,743,0.18707940780619112
2019-10-02,d. 31~,29,130,743,0.17496635262449528
2019-10-03,a. 0~5,0,2971,2971,1.0
2019-10-03,a. 0~5,1,831,2971,0.27970380343318746
2019-10-03,a. 0~5,2,628,2971,0.21137664086166275
2019-10-03,a. 0~5,3,587,2971,0.1975765735442612
2019-10-03,a. 0~5,4,626,2971,0.21070346684617974
2019-10-03,a. 0~5,5,634,2971,0.21339616290811175
2019-10-03,a. 0~5,6,592,2971,0.1992595085829687
2019-10-03,a. 0~5,7,612,2971,0.20599124873779873
2019-10-03,a. 0~5,8,683,2971,0.2298889262874453
2019-10-03,a. 0~5,9,655,2971,0.22046449007068328
2019-10-03,a. 0~5,10,679,2971,0.2285425782564793
2019-10-03,a. 0~5,11,723,2971,0.24335240659710536
2019-10-03,a. 0~5,12,724,2971,0.24368899360484686
2019-10-03,a. 0~5,13,673,2971,0.2265230562100303
2019-10-03,a. 0~5,14,687,2971,0.23123527431841132
2019-10-03,a. 0~5,15,673,2971,0.2265230562100303
2019-10-03,a. 0~5,16,628,2971,0.21137664086166275
2019-10-03,a. 0~5,17,665,2971,0.2238303601480983
2019-10-03,a. 0~5,18,592,2971,0.1992595085829687
2019-10-03,a. 0~5,19,600,2971,0.2019522046449007
2019-10-03,a. 0~5,20,577,2971,0.19421070346684619
2019-10-03,a. 0~5,21,560,2971,0.18848872433524066
2019-10-03,a. 0~5,22,612,2971,0.20599124873779873
2019-10-03,a. 0~5,23,548,2971,0.18444968024234265
2019-10-03,a. 0~5,24,527,2971,0.17738135307977113
2019-10-03,a. 0~5,25,546,2971,0.18377650622685965
2019-10-03,a. 0~5,26,536,2971,0.18041063614944464
2019-10-03,a. 0~5,27,522,2971,0.17569841804106362
2019-10-03,a. 0~5,28,484,2971,0.16290811174688657
2019-10-03,b. 6~10,0,1264,1264,1.0
2019-10-03,b. 6~10,1,400,1264,0.31645569620253167
2019-10-03,b. 6~10,2,284,1264,0.22468354430379747
2019-10-03,b. 6~10,3,274,1264,0.21677215189873417
2019-10-03,b. 6~10,4,273,1264,0.21598101265822786
2019-10-03,b. 6~10,5,290,1264,0.22943037974683544
2019-10-03,b. 6~10,6,269,1264,0.21281645569620253
2019-10-03,b. 6~10,7,295,1264,0.23338607594936708
2019-10-03,b. 6~10,8,291,1264,0.23022151898734178
2019-10-03,b. 6~10,9,305,1264,0.2412974683544304
2019-10-03,b. 6~10,10,324,1264,0.2563291139240506
2019-10-03,b. 6~10,11,329,1264,0.2602848101265823
2019-10-03,b. 6~10,12,339,1264,0.26819620253164556
2019-10-03,b. 6~10,13,304,1264,0.24050632911392406
2019-10-03,b. 6~10,14,295,1264,0.23338607594936708
2019-10-03,b. 6~10,15,285,1264,0.2254746835443038
2019-10-03,b. 6~10,16,250,1264,0.19778481012658228
2019-10-03,b. 6~10,17,239,1264,0.18908227848101267
2019-10-03,b. 6~10,18,251,1264,0.1985759493670886
2019-10-03,b. 6~10,19,253,1264,0.20015822784810128
2019-10-03,b. 6~10,20,237,1264,0.1875
2019-10-03,b. 6~10,21,233,1264,0.1843354430379747
2019-10-03,b. 6~10,22,251,1264,0.1985759493670886
2019-10-03,b. 6~10,23,216,1264,0.17088607594936708
2019-10-03,b. 6~10,24,222,1264,0.17563291139240506
2019-10-03,b. 6~10,25,221,1264,0.17484177215189872
2019-10-03,b. 6~10,26,231,1264,0.18275316455696203
2019-10-03,b. 6~10,27,203,1264,0.1606012658227848
2019-10-03,b. 6~10,28,200,1264,0.15822784810126583
2019-10-03,c. 11~30,0,1619,1619,1.0
2019-10-03,c. 11~30,1,535,1619,0.3304508956145769
2019-10-03,c. 11~30,2,418,1619,0.25818406423718343
2019-10-03,c. 11~30,3,408,1619,0.2520074119827054
2019-10-03,c. 11~30,4,383,1619,0.23656578134651018
2019-10-03,c. 11~30,5,399,1619,0.2464484249536751
2019-10-03,c. 11~30,6,374,1619,0.23100679431747992
2019-10-03,c. 11~30,7,388,1619,0.23965410747374924
2019-10-03,c. 11~30,8,421,1619,0.2600370599135269
2019-10-03,c. 11~30,9,363,1619,0.22421247683755405
2019-10-03,c. 11~30,10,395,1619,0.24397776405188387
2019-10-03,c. 11~30,11,427,1619,0.2637430512662137
2019-10-03,c. 11~30,12,406,1619,0.25077208153180974
2019-10-03,c. 11~30,13,347,1619,0.21432983323038912
2019-10-03,c. 11~30,14,373,1619,0.23038912909203213
2019-10-03,c. 11~30,15,371,1619,0.2291537986411365
2019-10-03,c. 11~30,16,331,1619,0.20444718962322422
2019-10-03,c. 11~30,17,351,1619,0.21680049413218036
2019-10-03,c. 11~30,18,316,1619,0.19518221124150711
2019-10-03,c. 11~30,19,309,1619,0.19085855466337245
2019-10-03,c. 11~30,20,321,1619,0.19827053736874614
2019-10-03,c. 11~30,21,316,1619,0.19518221124150711
2019-10-03,c. 11~30,22,339,1619,0.20938851142680667
2019-10-03,c. 11~30,23,284,1619,0.17541692402717726
2019-10-03,c. 11~30,24,335,1619,0.20691785052501543
2019-10-03,c. 11~30,25,293,1619,0.18097591105620753
2019-10-03,c. 11~30,26,288,1619,0.1778875849289685
2019-10-03,c. 11~30,27,271,1619,0.16738727609635579
2019-10-03,c. 11~30,28,272,1619,0.16800494132180357
2019-10-03,d. 31~,0,558,558,1.0
2019-10-03,d. 31~,1,239,558,0.4283154121863799
2019-10-03,d. 31~,2,167,558,0.2992831541218638
2019-10-03,d. 31~,3,153,558,0.27419354838709675
2019-10-03,d. 31~,4,164,558,0.2939068100358423
2019-10-03,d. 31~,5,148,558,0.26523297491039427
2019-10-03,d. 31~,6,166,558,0.2974910394265233
2019-10-03,d. 31~,7,121,558,0.2168458781362007
2019-10-03,d. 31~,8,159,558,0.2849462365591398
2019-10-03,d. 31~,9,134,558,0.24014336917562723
2019-10-03,d. 31~,10,126,558,0.22580645161290322
2019-10-03,d. 31~,11,156,558,0.27956989247311825
2019-10-03,d. 31~,12,152,558,0.2724014336917563
2019-10-03,d. 31~,13,126,558,0.22580645161290322
2019-10-03,d. 31~,14,121,558,0.2168458781362007
2019-10-03,d. 31~,15,131,558,0.23476702508960573
2019-10-03,d. 31~,16,112,558,0.2007168458781362
2019-10-03,d. 31~,17,124,558,0.2222222222222222
2019-10-03,d. 31~,18,120,558,0.21505376344086022
2019-10-03,d. 31~,19,113,558,0.2025089605734767
2019-10-03,d. 31~,20,105,558,0.1881720430107527
2019-10-03,d. 31~,21,106,558,0.18996415770609318
2019-10-03,d. 31~,22,113,558,0.2025089605734767
2019-10-03,d. 31~,23,95,558,0.17025089605734767
2019-10-03,d. 31~,24,98,558,0.17562724014336917
2019-10-03,d. 31~,25,94,558,0.16845878136200718
2019-10-03,d. 31~,26,101,558,0.18100358422939067
2019-10-03,d. 31~,27,99,558,0.1774193548387097
2019-10-03,d. 31~,28,95,558,0.17025089605734767
2019-10-04,a. 0~5,0,3208,3208,1.0
2019-10-04,a. 0~5,1,705,3208,0.2197630922693267
2019-10-04,a. 0~5,2,633,3208,0.19731920199501246
2019-10-04,a. 0~5,3,573,3208,0.17861596009975061
2019-10-04,a. 0~5,4,620,3208,0.19326683291770574
2019-10-04,a. 0~5,5,626,3208,0.19513715710723192
2019-10-04,a. 0~5,6,615,3208,0.19170822942643392
2019-10-04,a. 0~5,7,735,3208,0.22911471321695762
2019-10-04,a. 0~5,8,658,3208,0.20511221945137156
2019-10-04,a. 0~5,9,754,3208,0.2350374064837905
2019-10-04,a. 0~5,10,765,3208,0.23846633416458854
2019-10-04,a. 0~5,11,735,3208,0.22911471321695762
2019-10-04,a. 0~5,12,726,3208,0.22630922693266833
2019-10-04,a. 0~5,13,697,3208,0.21726932668329177
2019-10-04,a. 0~5,14,701,3208,0.21851620947630923
2019-10-04,a. 0~5,15,671,3208,0.2091645885286783
2019-10-04,a. 0~5,16,634,3208,0.19763092269326682
2019-10-04,a. 0~5,17,579,3208,0.18048628428927682
2019-10-04,a. 0~5,18,562,3208,0.17518703241895262
2019-10-04,a. 0~5,19,598,3208,0.18640897755610972
2019-10-04,a. 0~5,20,532,3208,0.1658354114713217
2019-10-04,a. 0~5,21,625,3208,0.19482543640897756
2019-10-04,a. 0~5,22,544,3208,0.16957605985037408
2019-10-04,a. 0~5,23,556,3208,0.17331670822942644
2019-10-04,a. 0~5,24,520,3208,0.16209476309226933
2019-10-04,a. 0~5,25,473,3208,0.1474438902743142
2019-10-04,a. 0~5,26,496,3208,0.1546134663341646
2019-10-04,a. 0~5,27,478,3208,0.14900249376558602
2019-10-04,b. 6~10,0,1273,1273,1.0
2019-10-04,b. 6~10,1,305,1273,0.23959151610369206
2019-10-04,b. 6~10,2,261,1273,0.20502749410840534
2019-10-04,b. 6~10,3,252,1273,0.19795758051846032
2019-10-04,b. 6~10,4,239,1273,0.18774548311076197
2019-10-04,b. 6~10,5,280,1273,0.2199528672427337
2019-10-04,b. 6~10,6,254,1273,0.199528672427337
2019-10-04,b. 6~10,7,274,1273,0.2152395915161037
2019-10-04,b. 6~10,8,277,1273,0.2175962293794187
2019-10-04,b. 6~10,9,312,1273,0.24509033778476041
2019-10-04,b. 6~10,10,288,1273,0.22623723487824038
2019-10-04,b. 6~10,11,308,1273,0.24194815396700706
2019-10-04,b. 6~10,12,270,1273,0.21209740769835037
2019-10-04,b. 6~10,13,269,1273,0.211311861743912
2019-10-04,b. 6~10,14,283,1273,0.22230950510604872
2019-10-04,b. 6~10,15,278,1273,0.21838177533385703
2019-10-04,b. 6~10,16,257,1273,0.20188531029065201
2019-10-04,b. 6~10,17,264,1273,0.20738413197172034
2019-10-04,b. 6~10,18,239,1273,0.18774548311076197
2019-10-04,b. 6~10,19,243,1273,0.19088766692851533
2019-10-04,b. 6~10,20,201,1273,0.15789473684210525
2019-10-04,b. 6~10,21,262,1273,0.20581304006284368
2019-10-04,b. 6~10,22,234,1273,0.1838177533385703
2019-10-04,b. 6~10,23,194,1273,0.15239591516103693
2019-10-04,b. 6~10,24,201,1273,0.15789473684210525
2019-10-04,b. 6~10,25,196,1273,0.1539670070699136
2019-10-04,b. 6~10,26,178,1273,0.13982717989002358
2019-10-04,b. 6~10,27,198,1273,0.15553809897879026
2019-10-04,c. 11~30,0,1644,1644,1.0
2019-10-04,c. 11~30,1,517,1644,0.31447688564476883
2019-10-04,c. 11~30,2,385,1644,0.23418491484184914
2019-10-04,c. 11~30,3,353,1644,0.21472019464720193
2019-10-04,c. 11~30,4,354,1644,0.21532846715328466
2019-10-04,c. 11~30,5,358,1644,0.21776155717761558
2019-10-04,c. 11~30,6,353,1644,0.21472019464720193
2019-10-04,c. 11~30,7,367,1644,0.2232360097323601
2019-10-04,c. 11~30,8,350,1644,0.21289537712895376
2019-10-04,c. 11~30,9,392,1644,0.2384428223844282
2019-10-04,c. 11~30,10,370,1644,0.22506082725060828
2019-10-04,c. 11~30,11,376,1644,0.22871046228710462
2019-10-04,c. 11~30,12,343,1644,0.2086374695863747
2019-10-04,c. 11~30,13,345,1644,0.20985401459854014
2019-10-04,c. 11~30,14,356,1644,0.21654501216545013
2019-10-04,c. 11~30,15,315,1644,0.19160583941605838
2019-10-04,c. 11~30,16,301,1644,0.18309002433090024
2019-10-04,c. 11~30,17,314,1644,0.19099756690997566
2019-10-04,c. 11~30,18,285,1644,0.17335766423357665
2019-10-04,c. 11~30,19,269,1644,0.16362530413625304
2019-10-04,c. 11~30,20,251,1644,0.152676399026764
2019-10-04,c. 11~30,21,299,1644,0.1818734793187348
2019-10-04,c. 11~30,22,275,1644,0.16727493917274938
2019-10-04,c. 11~30,23,267,1644,0.1624087591240876
2019-10-04,c. 11~30,24,267,1644,0.1624087591240876
2019-10-04,c. 11~30,25,264,1644,0.16058394160583941
2019-10-04,c. 11~30,26,232,1644,0.1411192214111922
2019-10-04,c. 11~30,27,250,1644,0.15206812652068127
2019-10-04,d. 31~,0,563,563,1.0
2019-10-04,d. 31~,1,236,563,0.4191829484902309
2019-10-04,d. 31~,2,144,563,0.2557726465364121
2019-10-04,d. 31~,3,138,563,0.24511545293072823
2019-10-04,d. 31~,4,144,563,0.2557726465364121
2019-10-04,d. 31~,5,128,563,0.22735346358792186
2019-10-04,d. 31~,6,137,563,0.2433392539964476
2019-10-04,d. 31~,7,132,563,0.2344582593250444
2019-10-04,d. 31~,8,122,563,0.216696269982238
2019-10-04,d. 31~,9,141,563,0.25044404973357015
2019-10-04,d. 31~,10,139,563,0.2468916518650089
2019-10-04,d. 31~,11,113,563,0.20071047957371227
2019-10-04,d. 31~,12,117,563,0.20781527531083482
2019-10-04,d. 31~,13,101,563,0.17939609236234458
2019-10-04,d. 31~,14,109,563,0.1936056838365897
2019-10-04,d. 31~,15,102,563,0.1811722912966252
2019-10-04,d. 31~,16,100,563,0.17761989342806395
2019-10-04,d. 31~,17,91,563,0.16163410301953818
2019-10-04,d. 31~,18,98,563,0.17406749555950266
2019-10-04,d. 31~,19,104,563,0.1847246891651865
2019-10-04,d. 31~,20,108,563,0.19182948490230906
2019-10-04,d. 31~,21,114,563,0.2024866785079929
2019-10-04,d. 31~,22,88,563,0.15630550621669628
2019-10-04,d. 31~,23,98,563,0.17406749555950266
2019-10-04,d. 31~,24,100,563,0.17761989342806395
2019-10-04,d. 31~,25,91,563,0.16163410301953818
2019-10-04,d. 31~,26,81,563,0.1438721136767318
2019-10-04,d. 31~,27,77,563,0.13676731793960922
2019-10-05,a. 0~5,0,2174,2174,1.0
2019-10-05,a. 0~5,1,445,2174,0.2046918123275069
2019-10-05,a. 0~5,2,397,2174,0.18261269549218032
2019-10-05,a. 0~5,3,392,2174,0.18031278748850046
2019-10-05,a. 0~5,4,408,2174,0.18767249310027598
2019-10-05,a. 0~5,5,392,2174,0.18031278748850046
2019-10-05,a. 0~5,6,444,2174,0.20423183072677092
2019-10-05,a. 0~5,7,404,2174,0.1858325666973321
2019-10-05,a. 0~5,8,425,2174,0.19549218031278748
2019-10-05,a. 0~5,9,395,2174,0.18169273229070837
2019-10-05,a. 0~5,10,445,2174,0.2046918123275069
2019-10-05,a. 0~5,11,411,2174,0.1890524379024839
2019-10-05,a. 0~5,12,389,2174,0.17893284268629256
2019-10-05,a. 0~5,13,412,2174,0.18951241950321987
2019-10-05,a. 0~5,14,403,2174,0.18537258509659613
2019-10-05,a. 0~5,15,387,2174,0.1780128794848206
2019-10-05,a. 0~5,16,384,2174,0.1766329346826127
2019-10-05,a. 0~5,17,365,2174,0.16789328426862926
2019-10-05,a. 0~5,18,376,2174,0.17295308187672492
2019-10-05,a. 0~5,19,353,2174,0.1623735050597976
2019-10-05,a. 0~5,20,384,2174,0.1766329346826127
2019-10-05,a. 0~5,21,362,2174,0.16651333946642136
2019-10-05,a. 0~5,22,331,2174,0.15225390984360626
2019-10-05,a. 0~5,23,303,2174,0.13937442502299907
2019-10-05,a. 0~5,24,322,2174,0.14811407543698252
2019-10-05,a. 0~5,25,342,2174,0.15731370745170192
2019-10-05,a. 0~5,26,301,2174,0.13845446182152715
2019-10-05,b. 6~10,0,967,967,1.0
2019-10-05,b. 6~10,1,235,967,0.24301964839710444
2019-10-05,b. 6~10,2,192,967,0.19855222337125128
2019-10-05,b. 6~10,3,188,967,0.19441571871768357
2019-10-05,b. 6~10,4,172,967,0.1778697001034126
2019-10-05,b. 6~10,5,157,967,0.1623578076525336
2019-10-05,b. 6~10,6,203,967,0.20992761116856257
2019-10-05,b. 6~10,7,195,967,0.20165460186142709
2019-10-05,b. 6~10,8,208,967,0.21509824198552224
2019-10-05,b. 6~10,9,178,967,0.18407445708376421
2019-10-05,b. 6~10,10,179,967,0.18510858324715615
2019-10-05,b. 6~10,11,181,967,0.18717683557394002
2019-10-05,b. 6~10,12,179,967,0.18510858324715615
2019-10-05,b. 6~10,13,190,967,0.19648397104446744
2019-10-05,b. 6~10,14,184,967,0.19027921406411583
2019-10-05,b. 6~10,15,176,967,0.18200620475698034
2019-10-05,b. 6~10,16,181,967,0.18717683557394002
2019-10-05,b. 6~10,17,168,967,0.1737331954498449
2019-10-05,b. 6~10,18,166,967,0.17166494312306102
2019-10-05,b. 6~10,19,144,967,0.14891416752843847
2019-10-05,b. 6~10,20,163,967,0.16856256463288521
2019-10-05,b. 6~10,21,157,967,0.1623578076525336
2019-10-05,b. 6~10,22,176,967,0.18200620475698034
2019-10-05,b. 6~10,23,133,967,0.1375387797311272
2019-10-05,b. 6~10,24,149,967,0.15408479834539815
2019-10-05,b. 6~10,25,134,967,0.13857290589451912
2019-10-05,b. 6~10,26,143,967,0.14788004136504654
2019-10-05,c. 11~30,0,1194,1194,1.0
2019-10-05,c. 11~30,1,342,1194,0.2864321608040201
2019-10-05,c. 11~30,2,264,1194,0.22110552763819097
2019-10-05,c. 11~30,3,234,1194,0.19597989949748743
2019-10-05,c. 11~30,4,222,1194,0.18592964824120603
2019-10-05,c. 11~30,5,228,1194,0.19095477386934673
2019-10-05,c. 11~30,6,268,1194,0.22445561139028475
2019-10-05,c. 11~30,7,240,1194,0.20100502512562815
2019-10-05,c. 11~30,8,272,1194,0.22780569514237856
2019-10-05,c. 11~30,9,228,1194,0.19095477386934673
2019-10-05,c. 11~30,10,232,1194,0.19430485762144054
2019-10-05,c. 11~30,11,197,1194,0.16499162479061977
2019-10-05,c. 11~30,12,196,1194,0.16415410385259632
2019-10-05,c. 11~30,13,220,1194,0.18425460636515914
2019-10-05,c. 11~30,14,230,1194,0.19262981574539365
2019-10-05,c. 11~30,15,239,1194,0.20016750418760468
2019-10-05,c. 11~30,16,194,1194,0.1624790619765494
2019-10-05,c. 11~30,17,211,1194,0.17671691792294808
2019-10-05,c. 11~30,18,187,1194,0.15661641541038526
2019-10-05,c. 11~30,19,161,1194,0.13484087102177555
2019-10-05,c. 11~30,20,207,1194,0.17336683417085427
2019-10-05,c. 11~30,21,197,1194,0.16499162479061977
2019-10-05,c. 11~30,22,190,1194,0.15912897822445563
2019-10-05,c. 11~30,23,162,1194,0.135678391959799
2019-10-05,c. 11~30,24,158,1194,0.1323283082077052
2019-10-05,c. 11~30,25,147,1194,0.12311557788944724
2019-10-05,c. 11~30,26,152,1194,0.1273031825795645
2019-10-05,d. 31~,0,487,487,1.0
2019-10-05,d. 31~,1,204,487,0.4188911704312115
2019-10-05,d. 31~,2,125,487,0.25667351129363447
2019-10-05,d. 31~,3,122,487,0.25051334702258726
2019-10-05,d. 31~,4,99,487,0.2032854209445585
2019-10-05,d. 31~,5,105,487,0.21560574948665298
2019-10-05,d. 31~,6,112,487,0.2299794661190965
2019-10-05,d. 31~,7,119,487,0.24435318275154005
2019-10-05,d. 31~,8,136,487,0.2792607802874743
2019-10-05,d. 31~,9,107,487,0.21971252566735114
2019-10-05,d. 31~,10,104,487,0.2135523613963039
2019-10-05,d. 31~,11,103,487,0.21149897330595482
2019-10-05,d. 31~,12,91,487,0.1868583162217659
2019-10-05,d. 31~,13,84,487,0.17248459958932238
2019-10-05,d. 31~,14,97,487,0.19917864476386038
2019-10-05,d. 31~,15,92,487,0.188911704312115
2019-10-05,d. 31~,16,89,487,0.18275154004106775
2019-10-05,d. 31~,17,85,487,0.17453798767967146
2019-10-05,d. 31~,18,68,487,0.13963039014373715
2019-10-05,d. 31~,19,74,487,0.15195071868583163
2019-10-05,d. 31~,20,75,487,0.1540041067761807
2019-10-05,d. 31~,21,84,487,0.17248459958932238
2019-10-05,d. 31~,22,81,487,0.16632443531827515
2019-10-05,d. 31~,23,57,487,0.11704312114989733
2019-10-05,d. 31~,24,82,487,0.16837782340862423
2019-10-05,d. 31~,25,63,487,0.1293634496919918
2019-10-05,d. 31~,26,66,487,0.13552361396303902
2019-10-06,a. 0~5,0,1854,1854,1.0
2019-10-06,a. 0~5,1,347,1854,0.1871628910463862
2019-10-06,a. 0~5,2,334,1854,0.18015102481121897
2019-10-06,a. 0~5,3,309,1854,0.16666666666666666
2019-10-06,a. 0~5,4,296,1854,0.15965480043149946
2019-10-06,a. 0~5,5,336,1854,0.18122977346278318
2019-10-06,a. 0~5,6,335,1854,0.18069039913700108
2019-10-06,a. 0~5,7,326,1854,0.17583603020496225
2019-10-06,a. 0~5,8,327,1854,0.17637540453074432
2019-10-06,a. 0~5,9,339,1854,0.18284789644012944
2019-10-06,a. 0~5,10,329,1854,0.17745415318230853
2019-10-06,a. 0~5,11,277,1854,0.1494066882416397
2019-10-06,a. 0~5,12,323,1854,0.17421790722761596
2019-10-06,a. 0~5,13,297,1854,0.16019417475728157
2019-10-06,a. 0~5,14,311,1854,0.16774541531823084
2019-10-06,a. 0~5,15,262,1854,0.1413160733549083
2019-10-06,a. 0~5,16,305,1854,0.1645091693635383
2019-10-06,a. 0~5,17,282,1854,0.15210355987055016
2019-10-06,a. 0~5,18,274,1854,0.14778856526429343
2019-10-06,a. 0~5,19,290,1854,0.15641855447680691
2019-10-06,a. 0~5,20,280,1854,0.15102481121898598
2019-10-06,a. 0~5,21,288,1854,0.1553398058252427
2019-10-06,a. 0~5,22,242,1854,0.13052858683926646
2019-10-06,a. 0~5,23,236,1854,0.1272923408845739
2019-10-06,a. 0~5,24,242,1854,0.13052858683926646
2019-10-06,a. 0~5,25,217,1854,0.11704422869471413
2019-10-06,b. 6~10,0,884,884,1.0
2019-10-06,b. 6~10,1,205,884,0.2319004524886878
2019-10-06,b. 6~10,2,176,884,0.19909502262443438
2019-10-06,b. 6~10,3,159,884,0.17986425339366516
2019-10-06,b. 6~10,4,165,884,0.18665158371040724
2019-10-06,b. 6~10,5,172,884,0.19457013574660634
2019-10-06,b. 6~10,6,187,884,0.21153846153846154
2019-10-06,b. 6~10,7,175,884,0.19796380090497737
2019-10-06,b. 6~10,8,163,884,0.18438914027149322
2019-10-06,b. 6~10,9,191,884,0.2160633484162896
2019-10-06,b. 6~10,10,171,884,0.19343891402714933
2019-10-06,b. 6~10,11,170,884,0.19230769230769232
2019-10-06,b. 6~10,12,177,884,0.2002262443438914
2019-10-06,b. 6~10,13,150,884,0.16968325791855204
2019-10-06,b. 6~10,14,161,884,0.18212669683257918
2019-10-06,b. 6~10,15,134,884,0.1515837104072398
2019-10-06,b. 6~10,16,145,884,0.16402714932126697
2019-10-06,b. 6~10,17,124,884,0.14027149321266968
2019-10-06,b. 6~10,18,109,884,0.12330316742081449
2019-10-06,b. 6~10,19,137,884,0.15497737556561086
2019-10-06,b. 6~10,20,130,884,0.14705882352941177
2019-10-06,b. 6~10,21,118,884,0.1334841628959276
2019-10-06,b. 6~10,22,117,884,0.1323529411764706
2019-10-06,b. 6~10,23,125,884,0.1414027149321267
2019-10-06,b. 6~10,24,99,884,0.11199095022624435
2019-10-06,b. 6~10,25,120,884,0.13574660633484162
2019-10-06,c. 11~30,0,1076,1076,1.0
2019-10-06,c. 11~30,1,301,1076,0.27973977695167285
2019-10-06,c. 11~30,2,247,1076,0.2295539033457249
2019-10-06,c. 11~30,3,238,1076,0.2211895910780669
2019-10-06,c. 11~30,4,212,1076,0.1970260223048327
2019-10-06,c. 11~30,5,214,1076,0.19888475836431227
2019-10-06,c. 11~30,6,208,1076,0.19330855018587362
2019-10-06,c. 11~30,7,232,1076,0.21561338289962825
2019-10-06,c. 11~30,8,216,1076,0.20074349442379183
2019-10-06,c. 11~30,9,214,1076,0.19888475836431227
2019-10-06,c. 11~30,10,199,1076,0.18494423791821563
2019-10-06,c. 11~30,11,165,1076,0.1533457249070632
2019-10-06,c. 11~30,12,191,1076,0.1775092936802974
2019-10-06,c. 11~30,13,189,1076,0.17565055762081785
2019-10-06,c. 11~30,14,184,1076,0.17100371747211895
2019-10-06,c. 11~30,15,179,1076,0.16635687732342008
2019-10-06,c. 11~30,16,176,1076,0.16356877323420074
2019-10-06,c. 11~30,17,136,1076,0.12639405204460966
2019-10-06,c. 11~30,18,168,1076,0.15613382899628253
2019-10-06,c. 11~30,19,167,1076,0.15520446096654275
2019-10-06,c. 11~30,20,148,1076,0.137546468401487
2019-10-06,c. 11~30,21,174,1076,0.16171003717472118
2019-10-06,c. 11~30,22,147,1076,0.1366171003717472
2019-10-06,c. 11~30,23,123,1076,0.11431226765799256
2019-10-06,c. 11~30,24,136,1076,0.12639405204460966
2019-10-06,c. 11~30,25,148,1076,0.137546468401487
2019-10-06,d. 31~,0,421,421,1.0
2019-10-06,d. 31~,1,157,421,0.37292161520190026
2019-10-06,d. 31~,2,123,421,0.2921615201900237
2019-10-06,d. 31~,3,102,421,0.24228028503562946
2019-10-06,d. 31~,4,101,421,0.23990498812351543
2019-10-06,d. 31~,5,101,421,0.23990498812351543
2019-10-06,d. 31~,6,93,421,0.2209026128266033
2019-10-06,d. 31~,7,113,421,0.2684085510688836
2019-10-06,d. 31~,8,81,421,0.19239904988123516
2019-10-06,d. 31~,9,92,421,0.21852731591448932
2019-10-06,d. 31~,10,86,421,0.2042755344418052
2019-10-06,d. 31~,11,68,421,0.16152019002375298
2019-10-06,d. 31~,12,77,421,0.1828978622327791
2019-10-06,d. 31~,13,72,421,0.171021377672209
2019-10-06,d. 31~,14,83,421,0.19714964370546317
2019-10-06,d. 31~,15,70,421,0.166270783847981
2019-10-06,d. 31~,16,62,421,0.14726840855106887
2019-10-06,d. 31~,17,53,421,0.12589073634204276
2019-10-06,d. 31~,18,62,421,0.14726840855106887
2019-10-06,d. 31~,19,70,421,0.166270783847981
2019-10-06,d. 31~,20,50,421,0.1187648456057007
2019-10-06,d. 31~,21,56,421,0.1330166270783848
2019-10-06,d. 31~,22,53,421,0.12589073634204276
2019-10-06,d. 31~,23,54,421,0.12826603325415678
2019-10-06,d. 31~,24,55,421,0.13064133016627077
2019-10-06,d. 31~,25,69,421,0.16389548693586697
2019-10-07,a. 0~5,0,1692,1692,1.0
2019-10-07,a. 0~5,1,365,1692,0.2157210401891253
2019-10-07,a. 0~5,2,342,1692,0.20212765957446807
2019-10-07,a. 0~5,3,305,1692,0.1802600472813239
2019-10-07,a. 0~5,4,315,1692,0.18617021276595744
2019-10-07,a. 0~5,5,276,1692,0.16312056737588654
2019-10-07,a. 0~5,6,310,1692,0.18321513002364065
2019-10-07,a. 0~5,7,297,1692,0.17553191489361702
2019-10-07,a. 0~5,8,327,1692,0.19326241134751773
2019-10-07,a. 0~5,9,312,1692,0.18439716312056736
2019-10-07,a. 0~5,10,294,1692,0.17375886524822695
2019-10-07,a. 0~5,11,328,1692,0.1938534278959811
2019-10-07,a. 0~5,12,280,1692,0.16548463356973994
2019-10-07,a. 0~5,13,270,1692,0.1595744680851064
2019-10-07,a. 0~5,14,294,1692,0.17375886524822695
2019-10-07,a. 0~5,15,307,1692,0.1814420803782506
2019-10-07,a. 0~5,16,263,1692,0.1554373522458629
2019-10-07,a. 0~5,17,244,1692,0.14420803782505912
2019-10-07,a. 0~5,18,297,1692,0.17553191489361702
2019-10-07,a. 0~5,19,268,1692,0.15839243498817968
2019-10-07,a. 0~5,20,257,1692,0.15189125295508274
2019-10-07,a. 0~5,21,247,1692,0.14598108747044916
2019-10-07,a. 0~5,22,237,1692,0.1400709219858156
2019-10-07,a. 0~5,23,243,1692,0.14361702127659576
2019-10-07,a. 0~5,24,247,1692,0.14598108747044916
2019-10-07,b. 6~10,0,737,737,1.0
2019-10-07,b. 6~10,1,177,737,0.24016282225237448
2019-10-07,b. 6~10,2,152,737,0.2062415196743555
2019-10-07,b. 6~10,3,139,737,0.18860244233378562
2019-10-07,b. 6~10,4,163,737,0.22116689280868385
2019-10-07,b. 6~10,5,148,737,0.20081411126187246
2019-10-07,b. 6~10,6,141,737,0.19131614654002713
2019-10-07,b. 6~10,7,149,737,0.2021709633649932
2019-10-07,b. 6~10,8,149,737,0.2021709633649932
2019-10-07,b. 6~10,9,132,737,0.1791044776119403
2019-10-07,b. 6~10,10,126,737,0.17096336499321574
2019-10-07,b. 6~10,11,139,737,0.18860244233378562
2019-10-07,b. 6~10,12,129,737,0.17503392130257803
2019-10-07,b. 6~10,13,124,737,0.16824966078697423
2019-10-07,b. 6~10,14,126,737,0.17096336499321574
2019-10-07,b. 6~10,15,127,737,0.1723202170963365
2019-10-07,b. 6~10,16,125,737,0.16960651289009498
2019-10-07,b. 6~10,17,103,737,0.13975576662143827
2019-10-07,b. 6~10,18,125,737,0.16960651289009498
2019-10-07,b. 6~10,19,98,737,0.13297150610583447
2019-10-07,b. 6~10,20,115,737,0.1560379918588874
2019-10-07,b. 6~10,21,102,737,0.1383989145183175
2019-10-07,b. 6~10,22,75,737,0.10176390773405698
2019-10-07,b. 6~10,23,91,737,0.12347354138398914
2019-10-07,b. 6~10,24,87,737,0.11804613297150611
2019-10-07,c. 11~30,0,884,884,1.0
2019-10-07,c. 11~30,1,265,884,0.2997737556561086
2019-10-07,c. 11~30,2,203,884,0.22963800904977374
2019-10-07,c. 11~30,3,200,884,0.22624434389140272
2019-10-07,c. 11~30,4,195,884,0.22058823529411764
2019-10-07,c. 11~30,5,179,884,0.20248868778280543
2019-10-07,c. 11~30,6,183,884,0.20701357466063347
2019-10-07,c. 11~30,7,167,884,0.18891402714932126
2019-10-07,c. 11~30,8,173,884,0.19570135746606335
2019-10-07,c. 11~30,9,171,884,0.19343891402714933
2019-10-07,c. 11~30,10,135,884,0.15271493212669685
2019-10-07,c. 11~30,11,152,884,0.17194570135746606
2019-10-07,c. 11~30,12,147,884,0.166289592760181
2019-10-07,c. 11~30,13,155,884,0.1753393665158371
2019-10-07,c. 11~30,14,158,884,0.17873303167420815
2019-10-07,c. 11~30,15,157,884,0.17760180995475114
2019-10-07,c. 11~30,16,149,884,0.16855203619909503
2019-10-07,c. 11~30,17,118,884,0.1334841628959276
2019-10-07,c. 11~30,18,128,884,0.14479638009049775
2019-10-07,c. 11~30,19,127,884,0.1436651583710407
2019-10-07,c. 11~30,20,119,884,0.1346153846153846
2019-10-07,c. 11~30,21,120,884,0.13574660633484162
2019-10-07,c. 11~30,22,114,884,0.12895927601809956
2019-10-07,c. 11~30,23,120,884,0.13574660633484162
2019-10-07,c. 11~30,24,107,884,0.12104072398190045
2019-10-07,d. 31~,0,351,351,1.0
2019-10-07,d. 31~,1,141,351,0.4017094017094017
2019-10-07,d. 31~,2,96,351,0.27350427350427353
2019-10-07,d. 31~,3,73,351,0.20797720797720798
2019-10-07,d. 31~,4,79,351,0.22507122507122507
2019-10-07,d. 31~,5,77,351,0.21937321937321938
2019-10-07,d. 31~,6,73,351,0.20797720797720798
2019-10-07,d. 31~,7,72,351,0.20512820512820512
2019-10-07,d. 31~,8,78,351,0.2222222222222222
2019-10-07,d. 31~,9,65,351,0.18518518518518517
2019-10-07,d. 31~,10,65,351,0.18518518518518517
2019-10-07,d. 31~,11,68,351,0.19373219373219372
2019-10-07,d. 31~,12,59,351,0.16809116809116809
2019-10-07,d. 31~,13,51,351,0.1452991452991453
2019-10-07,d. 31~,14,57,351,0.1623931623931624
2019-10-07,d. 31~,15,55,351,0.15669515669515668
2019-10-07,d. 31~,16,58,351,0.16524216524216523
2019-10-07,d. 31~,17,54,351,0.15384615384615385
2019-10-07,d. 31~,18,58,351,0.16524216524216523
2019-10-07,d. 31~,19,45,351,0.1282051282051282
2019-10-07,d. 31~,20,34,351,0.09686609686609686
2019-10-07,d. 31~,21,42,351,0.11965811965811966
2019-10-07,d. 31~,22,38,351,0.10826210826210826
2019-10-07,d. 31~,23,41,351,0.1168091168091168
2019-10-07,d. 31~,24,48,351,0.13675213675213677
2019-10-08,a. 0~5,0,1997,1997,1.0
2019-10-08,a. 0~5,1,407,1997,0.20380570856284427
2019-10-08,a. 0~5,2,341,1997,0.17075613420130195
2019-10-08,a. 0~5,3,386,1997,0.19328993490235352
2019-10-08,a. 0~5,4,347,1997,0.17376064096144217
2019-10-08,a. 0~5,5,372,1997,0.18627941912869303
2019-10-08,a. 0~5,6,320,1997,0.16024036054081123
2019-10-08,a. 0~5,7,394,1997,0.19729594391587382
2019-10-08,a. 0~5,8,362,1997,0.1812719078617927
2019-10-08,a. 0~5,9,313,1997,0.15673510265398097
2019-10-08,a. 0~5,10,351,1997,0.1757636454682023
2019-10-08,a. 0~5,11,298,1997,0.14922383575363043
2019-10-08,a. 0~5,12,321,1997,0.16074111166750124
2019-10-08,a. 0~5,13,325,1997,0.1627441161742614
2019-10-08,a. 0~5,14,310,1997,0.15523284927391087
2019-10-08,a. 0~5,15,303,1997,0.1517275913870806
2019-10-08,a. 0~5,16,289,1997,0.14471707561342012
2019-10-08,a. 0~5,17,298,1997,0.14922383575363043
2019-10-08,a. 0~5,18,287,1997,0.14371557336004007
2019-10-08,a. 0~5,19,252,1997,0.12618928392588882
2019-10-08,a. 0~5,20,240,1997,0.12018027040560841
2019-10-08,a. 0~5,21,255,1997,0.12769153730595895
2019-10-08,a. 0~5,22,261,1997,0.13069604406609914
2019-10-08,a. 0~5,23,261,1997,0.13069604406609914
2019-10-08,b. 6~10,0,809,809,1.0
2019-10-08,b. 6~10,1,218,809,0.2694684796044499
2019-10-08,b. 6~10,2,164,809,0.2027194066749073
2019-10-08,b. 6~10,3,152,809,0.18788627935723115
2019-10-08,b. 6~10,4,157,809,0.19406674907292953
2019-10-08,b. 6~10,5,161,809,0.19901112484548825
2019-10-08,b. 6~10,6,155,809,0.1915945611866502
2019-10-08,b. 6~10,7,154,809,0.1903584672435105
2019-10-08,b. 6~10,8,151,809,0.18665018541409148
2019-10-08,b. 6~10,9,141,809,0.17428924598269468
2019-10-08,b. 6~10,10,137,809,0.16934487021013597
2019-10-08,b. 6~10,11,128,809,0.15822002472187885
2019-10-08,b. 6~10,12,127,809,0.15698393077873918
2019-10-08,b. 6~10,13,146,809,0.18046971569839307
2019-10-08,b. 6~10,14,113,809,0.13967861557478367
2019-10-08,b. 6~10,15,125,809,0.15451174289245984
2019-10-08,b. 6~10,16,112,809,0.138442521631644
2019-10-08,b. 6~10,17,117,809,0.1446229913473424
2019-10-08,b. 6~10,18,117,809,0.1446229913473424
2019-10-08,b. 6~10,19,103,809,0.1273176761433869
2019-10-08,b. 6~10,20,114,809,0.14091470951792337
2019-10-08,b. 6~10,21,112,809,0.138442521631644
2019-10-08,b. 6~10,22,96,809,0.11866501854140915
2019-10-08,b. 6~10,23,93,809,0.11495673671199011
2019-10-08,c. 11~30,0,1023,1023,1.0
2019-10-08,c. 11~30,1,285,1023,0.2785923753665689
2019-10-08,c. 11~30,2,229,1023,0.2238514173998045
2019-10-08,c. 11~30,3,257,1023,0.2512218963831867
2019-10-08,c. 11~30,4,212,1023,0.2072336265884653
2019-10-08,c. 11~30,5,205,1023,0.20039100684261973
2019-10-08,c. 11~30,6,189,1023,0.18475073313782991
2019-10-08,c. 11~30,7,184,1023,0.1798631476050831
2019-10-08,c. 11~30,8,187,1023,0.1827956989247312
2019-10-08,c. 11~30,9,160,1023,0.15640273704789834
2019-10-08,c. 11~30,10,185,1023,0.18084066471163246
2019-10-08,c. 11~30,11,129,1023,0.12609970674486803
2019-10-08,c. 11~30,12,160,1023,0.15640273704789834
2019-10-08,c. 11~30,13,156,1023,0.15249266862170088
2019-10-08,c. 11~30,14,133,1023,0.1300097751710655
2019-10-08,c. 11~30,15,156,1023,0.15249266862170088
2019-10-08,c. 11~30,16,146,1023,0.14271749755620725
2019-10-08,c. 11~30,17,164,1023,0.1603128054740958
2019-10-08,c. 11~30,18,129,1023,0.12609970674486803
2019-10-08,c. 11~30,19,123,1023,0.12023460410557185
2019-10-08,c. 11~30,20,146,1023,0.14271749755620725
2019-10-08,c. 11~30,21,124,1023,0.12121212121212122
2019-10-08,c. 11~30,22,127,1023,0.1241446725317693
2019-10-08,c. 11~30,23,115,1023,0.11241446725317693
2019-10-08,d. 31~,0,333,333,1.0
2019-10-08,d. 31~,1,138,333,0.4144144144144144
2019-10-08,d. 31~,2,87,333,0.26126126126126126
2019-10-08,d. 31~,3,89,333,0.2672672672672673
2019-10-08,d. 31~,4,75,333,0.22522522522522523
2019-10-08,d. 31~,5,77,333,0.23123123123123124
2019-10-08,d. 31~,6,78,333,0.23423423423423423
2019-10-08,d. 31~,7,64,333,0.1921921921921922
2019-10-08,d. 31~,8,58,333,0.17417417417417416
2019-10-08,d. 31~,9,53,333,0.15915915915915915
2019-10-08,d. 31~,10,56,333,0.16816816816816818
2019-10-08,d. 31~,11,37,333,0.1111111111111111
2019-10-08,d. 31~,12,49,333,0.14714714714714713
2019-10-08,d. 31~,13,43,333,0.12912912912912913
2019-10-08,d. 31~,14,56,333,0.16816816816816818
2019-10-08,d. 31~,15,52,333,0.15615615615615616
2019-10-08,d. 31~,16,42,333,0.12612612612612611
2019-10-08,d. 31~,17,43,333,0.12912912912912913
2019-10-08,d. 31~,18,43,333,0.12912912912912913
2019-10-08,d. 31~,19,38,333,0.11411411411411411
2019-10-08,d. 31~,20,39,333,0.11711711711711711
2019-10-08,d. 31~,21,38,333,0.11411411411411411
2019-10-08,d. 31~,22,38,333,0.11411411411411411
2019-10-08,d. 31~,23,37,333,0.1111111111111111
2019-10-09,a. 0~5,0,1613,1613,1.0
2019-10-09,a. 0~5,1,298,1613,0.18474891506509608
2019-10-09,a. 0~5,2,310,1613,0.1921884686918785
2019-10-09,a. 0~5,3,272,1613,0.16862988220706757
2019-10-09,a. 0~5,4,295,1613,0.18288902665840048
2019-10-09,a. 0~5,5,277,1613,0.1717296962182269
2019-10-09,a. 0~5,6,279,1613,0.17296962182269063
2019-10-09,a. 0~5,7,249,1613,0.15437073775573465
2019-10-09,a. 0~5,8,270,1613,0.16738995660260383
2019-10-09,a. 0~5,9,268,1613,0.1661500309981401
2019-10-09,a. 0~5,10,223,1613,0.13825170489770613
2019-10-09,a. 0~5,11,259,1613,0.1605703657780533
2019-10-09,a. 0~5,12,232,1613,0.14383137011779293
2019-10-09,a. 0~5,13,228,1613,0.14135151890886546
2019-10-09,a. 0~5,14,225,1613,0.13949163050216987
2019-10-09,a. 0~5,15,218,1613,0.1351518908865468
2019-10-09,a. 0~5,16,229,1613,0.14197148171109733
2019-10-09,a. 0~5,17,200,1613,0.12399256044637322
2019-10-09,a. 0~5,18,210,1613,0.13019218846869188
2019-10-09,a. 0~5,19,202,1613,0.12523248605083695
2019-10-09,a. 0~5,20,185,1613,0.11469311841289523
2019-10-09,a. 0~5,21,189,1613,0.11717296962182269
2019-10-09,a. 0~5,22,192,1613,0.11903285802851829
2019-10-09,b. 6~10,0,720,720,1.0
2019-10-09,b. 6~10,1,184,720,0.25555555555555554
2019-10-09,b. 6~10,2,139,720,0.19305555555555556
2019-10-09,b. 6~10,3,115,720,0.1597222222222222
2019-10-09,b. 6~10,4,141,720,0.19583333333333333
2019-10-09,b. 6~10,5,155,720,0.2152777777777778
2019-10-09,b. 6~10,6,123,720,0.17083333333333334
2019-10-09,b. 6~10,7,109,720,0.15138888888888888
2019-10-09,b. 6~10,8,125,720,0.1736111111111111
2019-10-09,b. 6~10,9,117,720,0.1625
2019-10-09,b. 6~10,10,91,720,0.12638888888888888
2019-10-09,b. 6~10,11,96,720,0.13333333333333333
2019-10-09,b. 6~10,12,101,720,0.14027777777777778
2019-10-09,b. 6~10,13,97,720,0.13472222222222222
2019-10-09,b. 6~10,14,104,720,0.14444444444444443
2019-10-09,b. 6~10,15,104,720,0.14444444444444443
2019-10-09,b. 6~10,16,93,720,0.12916666666666668
2019-10-09,b. 6~10,17,86,720,0.11944444444444445
2019-10-09,b. 6~10,18,91,720,0.12638888888888888
2019-10-09,b. 6~10,19,89,720,0.12361111111111112
2019-10-09,b. 6~10,20,91,720,0.12638888888888888
2019-10-09,b. 6~10,21,84,720,0.11666666666666667
2019-10-09,b. 6~10,22,89,720,0.12361111111111112
2019-10-09,c. 11~30,0,850,850,1.0
2019-10-09,c. 11~30,1,212,850,0.24941176470588236
2019-10-09,c. 11~30,2,204,850,0.24
2019-10-09,c. 11~30,3,179,850,0.21058823529411766
2019-10-09,c. 11~30,4,171,850,0.2011764705882353
2019-10-09,c. 11~30,5,165,850,0.19411764705882353
2019-10-09,c. 11~30,6,147,850,0.17294117647058824
2019-10-09,c. 11~30,7,126,850,0.14823529411764705
2019-10-09,c. 11~30,8,141,850,0.16588235294117648
2019-10-09,c. 11~30,9,162,850,0.19058823529411764
2019-10-09,c. 11~30,10,119,850,0.14
2019-10-09,c. 11~30,11,133,850,0.1564705882352941
2019-10-09,c. 11~30,12,113,850,0.13294117647058823
2019-10-09,c. 11~30,13,120,850,0.1411764705882353
2019-10-09,c. 11~30,14,130,850,0.15294117647058825
2019-10-09,c. 11~30,15,124,850,0.14588235294117646
2019-10-09,c. 11~30,16,135,850,0.1588235294117647
2019-10-09,c. 11~30,17,111,850,0.13058823529411764
2019-10-09,c. 11~30,18,114,850,0.13411764705882354
2019-10-09,c. 11~30,19,118,850,0.1388235294117647
2019-10-09,c. 11~30,20,120,850,0.1411764705882353
2019-10-09,c. 11~30,21,111,850,0.13058823529411764
2019-10-09,c. 11~30,22,122,850,0.14352941176470588
2019-10-09,d. 31~,0,309,309,1.0
2019-10-09,d. 31~,1,119,309,0.3851132686084142
2019-10-09,d. 31~,2,76,309,0.2459546925566343
2019-10-09,d. 31~,3,73,309,0.23624595469255663
2019-10-09,d. 31~,4,75,309,0.24271844660194175
2019-10-09,d. 31~,5,67,309,0.2168284789644013
2019-10-09,d. 31~,6,67,309,0.2168284789644013
2019-10-09,d. 31~,7,61,309,0.19741100323624594
2019-10-09,d. 31~,8,64,309,0.20711974110032363
2019-10-09,d. 31~,9,51,309,0.1650485436893204
2019-10-09,d. 31~,10,48,309,0.1553398058252427
2019-10-09,d. 31~,11,45,309,0.14563106796116504
2019-10-09,d. 31~,12,45,309,0.14563106796116504
2019-10-09,d. 31~,13,51,309,0.1650485436893204
2019-10-09,d. 31~,14,45,309,0.14563106796116504
2019-10-09,d. 31~,15,30,309,0.0970873786407767
2019-10-09,d. 31~,16,50,309,0.16181229773462782
2019-10-09,d. 31~,17,31,309,0.10032362459546926
2019-10-09,d. 31~,18,37,309,0.11974110032362459
2019-10-09,d. 31~,19,41,309,0.13268608414239483
2019-10-09,d. 31~,20,32,309,0.10355987055016182
2019-10-09,d. 31~,21,36,309,0.11650485436893204
2019-10-09,d. 31~,22,42,309,0.13592233009708737
2019-10-10,a. 0~5,0,1390,1390,1.0
2019-10-10,a. 0~5,1,293,1390,0.21079136690647482
2019-10-10,a. 0~5,2,261,1390,0.18776978417266188
2019-10-10,a. 0~5,3,234,1390,0.1683453237410072
2019-10-10,a. 0~5,4,229,1390,0.1647482014388489
2019-10-10,a. 0~5,5,251,1390,0.18057553956834532
2019-10-10,a. 0~5,6,223,1390,0.160431654676259
2019-10-10,a. 0~5,7,226,1390,0.16258992805755396
2019-10-10,a. 0~5,8,219,1390,0.15755395683453238
2019-10-10,a. 0~5,9,215,1390,0.15467625899280577
2019-10-10,a. 0~5,10,241,1390,0.17338129496402876
2019-10-10,a. 0~5,11,209,1390,0.15035971223021583
2019-10-10,a. 0~5,12,229,1390,0.1647482014388489
2019-10-10,a. 0~5,13,190,1390,0.1366906474820144
2019-10-10,a. 0~5,14,180,1390,0.12949640287769784
2019-10-10,a. 0~5,15,213,1390,0.15323741007194244
2019-10-10,a. 0~5,16,215,1390,0.15467625899280577
2019-10-10,a. 0~5,17,177,1390,0.12733812949640289
2019-10-10,a. 0~5,18,172,1390,0.1237410071942446
2019-10-10,a. 0~5,19,158,1390,0.11366906474820145
2019-10-10,a. 0~5,20,160,1390,0.11510791366906475
2019-10-10,a. 0~5,21,153,1390,0.11007194244604317
2019-10-10,b. 6~10,0,604,604,1.0
2019-10-10,b. 6~10,1,145,604,0.24006622516556292
2019-10-10,b. 6~10,2,99,604,0.16390728476821192
2019-10-10,b. 6~10,3,101,604,0.1672185430463576
2019-10-10,b. 6~10,4,112,604,0.18543046357615894
2019-10-10,b. 6~10,5,106,604,0.17549668874172186
2019-10-10,b. 6~10,6,94,604,0.15562913907284767
2019-10-10,b. 6~10,7,81,604,0.13410596026490065
2019-10-10,b. 6~10,8,85,604,0.14072847682119205
2019-10-10,b. 6~10,9,91,604,0.15066225165562913
2019-10-10,b. 6~10,10,91,604,0.15066225165562913
2019-10-10,b. 6~10,11,75,604,0.12417218543046357
2019-10-10,b. 6~10,12,79,604,0.13079470198675497
2019-10-10,b. 6~10,13,83,604,0.13741721854304637
2019-10-10,b. 6~10,14,70,604,0.11589403973509933
2019-10-10,b. 6~10,15,81,604,0.13410596026490065
2019-10-10,b. 6~10,16,75,604,0.12417218543046357
2019-10-10,b. 6~10,17,90,604,0.1490066225165563
2019-10-10,b. 6~10,18,63,604,0.10430463576158941
2019-10-10,b. 6~10,19,69,604,0.11423841059602649
2019-10-10,b. 6~10,20,63,604,0.10430463576158941
2019-10-10,b. 6~10,21,67,604,0.11092715231788079
2019-10-10,c. 11~30,0,750,750,1.0
2019-10-10,c. 11~30,1,219,750,0.292
2019-10-10,c. 11~30,2,157,750,0.20933333333333334
2019-10-10,c. 11~30,3,148,750,0.19733333333333333
2019-10-10,c. 11~30,4,126,750,0.168
2019-10-10,c. 11~30,5,146,750,0.19466666666666665
2019-10-10,c. 11~30,6,125,750,0.16666666666666666
2019-10-10,c. 11~30,7,119,750,0.15866666666666668
2019-10-10,c. 11~30,8,120,750,0.16
2019-10-10,c. 11~30,9,102,750,0.136
2019-10-10,c. 11~30,10,98,750,0.13066666666666665
2019-10-10,c. 11~30,11,94,750,0.12533333333333332
2019-10-10,c. 11~30,12,109,750,0.14533333333333334
2019-10-10,c. 11~30,13,94,750,0.12533333333333332
2019-10-10,c. 11~30,14,95,750,0.12666666666666668
2019-10-10,c. 11~30,15,103,750,0.13733333333333334
2019-10-10,c. 11~30,16,99,750,0.132
2019-10-10,c. 11~30,17,91,750,0.12133333333333333
2019-10-10,c. 11~30,18,91,750,0.12133333333333333
2019-10-10,c. 11~30,19,81,750,0.108
2019-10-10,c. 11~30,20,85,750,0.11333333333333333
2019-10-10,c. 11~30,21,87,750,0.116
2019-10-10,d. 31~,0,272,272,1.0
2019-10-10,d. 31~,1,114,272,0.41911764705882354
2019-10-10,d. 31~,2,84,272,0.3088235294117647
2019-10-10,d. 31~,3,70,272,0.25735294117647056
2019-10-10,d. 31~,4,75,272,0.2757352941176471
2019-10-10,d. 31~,5,58,272,0.21323529411764705
2019-10-10,d. 31~,6,58,272,0.21323529411764705
2019-10-10,d. 31~,7,50,272,0.18382352941176472
2019-10-10,d. 31~,8,56,272,0.20588235294117646
2019-10-10,d. 31~,9,31,272,0.11397058823529412
2019-10-10,d. 31~,10,36,272,0.1323529411764706
2019-10-10,d. 31~,11,40,272,0.14705882352941177
2019-10-10,d. 31~,12,40,272,0.14705882352941177
2019-10-10,d. 31~,13,49,272,0.1801470588235294
2019-10-10,d. 31~,14,36,272,0.1323529411764706
2019-10-10,d. 31~,15,33,272,0.1213235294117647
2019-10-10,d. 31~,16,34,272,0.125
2019-10-10,d. 31~,17,29,272,0.10661764705882353
2019-10-10,d. 31~,18,32,272,0.11764705882352941
2019-10-10,d. 31~,19,27,272,0.09926470588235294
2019-10-10,d. 31~,20,42,272,0.15441176470588236
2019-10-10,d. 31~,21,36,272,0.1323529411764706
2019-10-11,a. 0~5,0,1522,1522,1.0
2019-10-11,a. 0~5,1,265,1522,0.17411300919842312
2019-10-11,a. 0~5,2,329,1522,0.2161629434954008
2019-10-11,a. 0~5,3,247,1522,0.16228646517739817
2019-10-11,a. 0~5,4,264,1522,0.17345597897503284
2019-10-11,a. 0~5,5,243,1522,0.15965834428383704
2019-10-11,a. 0~5,6,206,1522,0.13534822601839686
2019-10-11,a. 0~5,7,243,1522,0.15965834428383704
2019-10-11,a. 0~5,8,234,1522,0.15374507227332457
2019-10-11,a. 0~5,9,215,1522,0.14126149802890933
2019-10-11,a. 0~5,10,222,1522,0.14586070959264127
2019-10-11,a. 0~5,11,212,1522,0.1392904073587385
2019-10-11,a. 0~5,12,194,1522,0.12746386333771353
2019-10-11,a. 0~5,13,204,1522,0.1340341655716163
2019-10-11,a. 0~5,14,231,1522,0.15177398160315375
2019-10-11,a. 0~5,15,206,1522,0.13534822601839686
2019-10-11,a. 0~5,16,174,1522,0.11432325886990802
2019-10-11,a. 0~5,17,189,1522,0.12417871222076216
2019-10-11,a. 0~5,18,183,1522,0.1202365308804205
2019-10-11,a. 0~5,19,163,1522,0.10709592641261498
2019-10-11,a. 0~5,20,168,1522,0.11038107752956636
2019-10-11,b. 6~10,0,623,623,1.0
2019-10-11,b. 6~10,1,153,623,0.24558587479935795
2019-10-11,b. 6~10,2,146,623,0.23434991974317818
2019-10-11,b. 6~10,3,109,623,0.17495987158908508
2019-10-11,b. 6~10,4,112,623,0.1797752808988764
2019-10-11,b. 6~10,5,102,623,0.1637239165329053
2019-10-11,b. 6~10,6,103,623,0.1653290529695024
2019-10-11,b. 6~10,7,106,623,0.17014446227929375
2019-10-11,b. 6~10,8,99,623,0.15890850722311398
2019-10-11,b. 6~10,9,96,623,0.15409309791332262
2019-10-11,b. 6~10,10,91,623,0.14606741573033707
2019-10-11,b. 6~10,11,80,623,0.12841091492776885
2019-10-11,b. 6~10,12,83,623,0.1332263242375602
2019-10-11,b. 6~10,13,70,623,0.11235955056179775
2019-10-11,b. 6~10,14,92,623,0.1476725521669342
2019-10-11,b. 6~10,15,81,623,0.13001605136436598
2019-10-11,b. 6~10,16,83,623,0.1332263242375602
2019-10-11,b. 6~10,17,66,623,0.10593900481540931
2019-10-11,b. 6~10,18,59,623,0.09470304975922954
2019-10-11,b. 6~10,19,68,623,0.10914927768860354
2019-10-11,b. 6~10,20,63,623,0.10112359550561797
2019-10-11,c. 11~30,0,819,819,1.0
2019-10-11,c. 11~30,1,224,819,0.27350427350427353
2019-10-11,c. 11~30,2,220,819,0.2686202686202686
2019-10-11,c. 11~30,3,169,819,0.20634920634920634
2019-10-11,c. 11~30,4,156,819,0.19047619047619047
2019-10-11,c. 11~30,5,144,819,0.17582417582417584
2019-10-11,c. 11~30,6,122,819,0.14896214896214896
2019-10-11,c. 11~30,7,145,819,0.17704517704517705
2019-10-11,c. 11~30,8,121,819,0.14774114774114774
2019-10-11,c. 11~30,9,122,819,0.14896214896214896
2019-10-11,c. 11~30,10,109,819,0.1330891330891331
2019-10-11,c. 11~30,11,116,819,0.14163614163614163
2019-10-11,c. 11~30,12,118,819,0.14407814407814407
2019-10-11,c. 11~30,13,102,819,0.12454212454212454
2019-10-11,c. 11~30,14,126,819,0.15384615384615385
2019-10-11,c. 11~30,15,122,819,0.14896214896214896
2019-10-11,c. 11~30,16,98,819,0.11965811965811966
2019-10-11,c. 11~30,17,107,819,0.13064713064713065
2019-10-11,c. 11~30,18,103,819,0.12576312576312576
2019-10-11,c. 11~30,19,86,819,0.10500610500610501
2019-10-11,c. 11~30,20,90,819,0.10989010989010989
2019-10-11,d. 31~,0,290,290,1.0
2019-10-11,d. 31~,1,125,290,0.43103448275862066
2019-10-11,d. 31~,2,89,290,0.30689655172413793
2019-10-11,d. 31~,3,70,290,0.2413793103448276
2019-10-11,d. 31~,4,59,290,0.20344827586206896
2019-10-11,d. 31~,5,61,290,0.2103448275862069
2019-10-11,d. 31~,6,48,290,0.16551724137931034
2019-10-11,d. 31~,7,59,290,0.20344827586206896
2019-10-11,d. 31~,8,59,290,0.20344827586206896
2019-10-11,d. 31~,9,44,290,0.15172413793103448
2019-10-11,d. 31~,10,49,290,0.16896551724137931
2019-10-11,d. 31~,11,47,290,0.16206896551724137
2019-10-11,d. 31~,12,42,290,0.14482758620689656
2019-10-11,d. 31~,13,53,290,0.18275862068965518
2019-10-11,d. 31~,14,48,290,0.16551724137931034
2019-10-11,d. 31~,15,38,290,0.1310344827586207
2019-10-11,d. 31~,16,28,290,0.09655172413793103
2019-10-11,d. 31~,17,40,290,0.13793103448275862
2019-10-11,d. 31~,18,41,290,0.1413793103448276
2019-10-11,d. 31~,19,41,290,0.1413793103448276
2019-10-11,d. 31~,20,36,290,0.12413793103448276
2019-10-12,a. 0~5,0,1201,1201,1.0
2019-10-12,a. 0~5,1,268,1201,0.2231473771856786
2019-10-12,a. 0~5,2,220,1201,0.18318068276436303
2019-10-12,a. 0~5,3,210,1201,0.17485428809325562
2019-10-12,a. 0~5,4,177,1201,0.14737718567860117
2019-10-12,a. 0~5,5,188,1201,0.1565362198168193
2019-10-12,a. 0~5,6,194,1201,0.16153205661948378
2019-10-12,a. 0~5,7,160,1201,0.13322231473771856
2019-10-12,a. 0~5,8,180,1201,0.1498751040799334
2019-10-12,a. 0~5,9,177,1201,0.14737718567860117
2019-10-12,a. 0~5,10,157,1201,0.13072439633638636
2019-10-12,a. 0~5,11,141,1201,0.11740216486261448
2019-10-12,a. 0~5,12,136,1201,0.11323896752706078
2019-10-12,a. 0~5,13,168,1201,0.1398834304746045
2019-10-12,a. 0~5,14,161,1201,0.1340549542048293
2019-10-12,a. 0~5,15,150,1201,0.12489592006661115
2019-10-12,a. 0~5,16,147,1201,0.12239800166527894
2019-10-12,a. 0~5,17,145,1201,0.12073272273105745
2019-10-12,a. 0~5,18,119,1201,0.09908409658617819
2019-10-12,a. 0~5,19,126,1201,0.10491257285595337
2019-10-12,b. 6~10,0,545,545,1.0
2019-10-12,b. 6~10,1,152,545,0.27889908256880735
2019-10-12,b. 6~10,2,99,545,0.181651376146789
2019-10-12,b. 6~10,3,88,545,0.1614678899082569
2019-10-12,b. 6~10,4,90,545,0.1651376146788991
2019-10-12,b. 6~10,5,74,545,0.13577981651376148
2019-10-12,b. 6~10,6,84,545,0.15412844036697249
2019-10-12,b. 6~10,7,102,545,0.1871559633027523
2019-10-12,b. 6~10,8,68,545,0.12477064220183487
2019-10-12,b. 6~10,9,85,545,0.1559633027522936
2019-10-12,b. 6~10,10,63,545,0.11559633027522936
2019-10-12,b. 6~10,11,67,545,0.12293577981651377
2019-10-12,b. 6~10,12,88,545,0.1614678899082569
2019-10-12,b. 6~10,13,73,545,0.13394495412844037
2019-10-12,b. 6~10,14,79,545,0.14495412844036698
2019-10-12,b. 6~10,15,69,545,0.12660550458715597
2019-10-12,b. 6~10,16,68,545,0.12477064220183487
2019-10-12,b. 6~10,17,76,545,0.13944954128440368
2019-10-12,b. 6~10,18,69,545,0.12660550458715597
2019-10-12,b. 6~10,19,63,545,0.11559633027522936
2019-10-12,c. 11~30,0,724,724,1.0
2019-10-12,c. 11~30,1,224,724,0.30939226519337015
2019-10-12,c. 11~30,2,134,724,0.1850828729281768
2019-10-12,c. 11~30,3,133,724,0.18370165745856354
2019-10-12,c. 11~30,4,118,724,0.16298342541436464
2019-10-12,c. 11~30,5,130,724,0.17955801104972377
2019-10-12,c. 11~30,6,110,724,0.15193370165745856
2019-10-12,c. 11~30,7,116,724,0.16022099447513813
2019-10-12,c. 11~30,8,99,724,0.13674033149171272
2019-10-12,c. 11~30,9,95,724,0.13121546961325967
2019-10-12,c. 11~30,10,88,724,0.12154696132596685
2019-10-12,c. 11~30,11,72,724,0.09944751381215469
2019-10-12,c. 11~30,12,84,724,0.11602209944751381
2019-10-12,c. 11~30,13,73,724,0.10082872928176796
2019-10-12,c. 11~30,14,90,724,0.12430939226519337
2019-10-12,c. 11~30,15,85,724,0.11740331491712708
2019-10-12,c. 11~30,16,79,724,0.10911602209944751
2019-10-12,c. 11~30,17,61,724,0.08425414364640885
2019-10-12,c. 11~30,18,71,724,0.09806629834254144
2019-10-12,c. 11~30,19,67,724,0.0925414364640884
2019-10-12,d. 31~,0,312,312,1.0
2019-10-12,d. 31~,1,129,312,0.41346153846153844
2019-10-12,d. 31~,2,87,312,0.27884615384615385
2019-10-12,d. 31~,3,75,312,0.2403846153846154
2019-10-12,d. 31~,4,56,312,0.1794871794871795
2019-10-12,d. 31~,5,48,312,0.15384615384615385
2019-10-12,d. 31~,6,68,312,0.21794871794871795
2019-10-12,d. 31~,7,56,312,0.1794871794871795
2019-10-12,d. 31~,8,49,312,0.15705128205128205
2019-10-12,d. 31~,9,45,312,0.14423076923076922
2019-10-12,d. 31~,10,43,312,0.13782051282051283
2019-10-12,d. 31~,11,33,312,0.10576923076923077
2019-10-12,d. 31~,12,43,312,0.13782051282051283
2019-10-12,d. 31~,13,40,312,0.1282051282051282
2019-10-12,d. 31~,14,37,312,0.11858974358974358
2019-10-12,d. 31~,15,42,312,0.1346153846153846
2019-10-12,d. 31~,16,39,312,0.125
2019-10-12,d. 31~,17,48,312,0.15384615384615385
2019-10-12,d. 31~,18,36,312,0.11538461538461539
2019-10-12,d. 31~,19,32,312,0.10256410256410256
2019-10-13,a. 0~5,0,1083,1083,1.0
2019-10-13,a. 0~5,1,213,1083,0.19667590027700832
2019-10-13,a. 0~5,2,207,1083,0.19113573407202217
2019-10-13,a. 0~5,3,173,1083,0.15974145891043398
2019-10-13,a. 0~5,4,157,1083,0.14496768236380425
2019-10-13,a. 0~5,5,145,1083,0.13388734995383195
2019-10-13,a. 0~5,6,177,1083,0.1634349030470914
2019-10-13,a. 0~5,7,179,1083,0.16528162511542013
2019-10-13,a. 0~5,8,152,1083,0.14035087719298245
2019-10-13,a. 0~5,9,147,1083,0.13573407202216067
2019-10-13,a. 0~5,10,132,1083,0.12188365650969529
2019-10-13,a. 0~5,11,145,1083,0.13388734995383195
2019-10-13,a. 0~5,12,164,1083,0.15143120960295475
2019-10-13,a. 0~5,13,150,1083,0.13850415512465375
2019-10-13,a. 0~5,14,142,1083,0.13111726685133887
2019-10-13,a. 0~5,15,125,1083,0.11542012927054478
2019-10-13,a. 0~5,16,132,1083,0.12188365650969529
2019-10-13,a. 0~5,17,115,1083,0.1061865189289012
2019-10-13,a. 0~5,18,123,1083,0.11357340720221606
2019-10-13,b. 6~10,0,470,470,1.0
2019-10-13,b. 6~10,1,98,470,0.20851063829787234
2019-10-13,b. 6~10,2,90,470,0.19148936170212766
2019-10-13,b. 6~10,3,92,470,0.19574468085106383
2019-10-13,b. 6~10,4,75,470,0.1595744680851064
2019-10-13,b. 6~10,5,82,470,0.17446808510638298
2019-10-13,b. 6~10,6,77,470,0.16382978723404254
2019-10-13,b. 6~10,7,78,470,0.16595744680851063
2019-10-13,b. 6~10,8,71,470,0.15106382978723404
2019-10-13,b. 6~10,9,58,470,0.12340425531914893
2019-10-13,b. 6~10,10,58,470,0.12340425531914893
2019-10-13,b. 6~10,11,55,470,0.11702127659574468
2019-10-13,b. 6~10,12,66,470,0.14042553191489363
2019-10-13,b. 6~10,13,65,470,0.13829787234042554
2019-10-13,b. 6~10,14,57,470,0.12127659574468085
2019-10-13,b. 6~10,15,56,470,0.11914893617021277
2019-10-13,b. 6~10,16,53,470,0.1127659574468085
2019-10-13,b. 6~10,17,36,470,0.07659574468085106
2019-10-13,b. 6~10,18,54,470,0.1148936170212766
2019-10-13,c. 11~30,0,687,687,1.0
2019-10-13,c. 11~30,1,200,687,0.29112081513828236
2019-10-13,c. 11~30,2,142,687,0.2066957787481805
2019-10-13,c. 11~30,3,124,687,0.1804949053857351
2019-10-13,c. 11~30,4,106,687,0.15429403202328967
2019-10-13,c. 11~30,5,120,687,0.17467248908296942
2019-10-13,c. 11~30,6,112,687,0.16302765647743814
2019-10-13,c. 11~30,7,110,687,0.16011644832605532
2019-10-13,c. 11~30,8,83,687,0.12081513828238719
2019-10-13,c. 11~30,9,80,687,0.11644832605531295
2019-10-13,c. 11~30,10,65,687,0.09461426491994178
2019-10-13,c. 11~30,11,72,687,0.10480349344978165
2019-10-13,c. 11~30,12,89,687,0.12954876273653565
2019-10-13,c. 11~30,13,81,687,0.11790393013100436
2019-10-13,c. 11~30,14,78,687,0.11353711790393013
2019-10-13,c. 11~30,15,88,687,0.12809315866084425
2019-10-13,c. 11~30,16,79,687,0.11499272197962154
2019-10-13,c. 11~30,17,62,687,0.09024745269286755
2019-10-13,c. 11~30,18,75,687,0.1091703056768559
2019-10-13,d. 31~,0,301,301,1.0
2019-10-13,d. 31~,1,111,301,0.3687707641196013
2019-10-13,d. 31~,2,77,301,0.2558139534883721
2019-10-13,d. 31~,3,67,301,0.22259136212624583
2019-10-13,d. 31~,4,55,301,0.18272425249169436
2019-10-13,d. 31~,5,54,301,0.17940199335548174
2019-10-13,d. 31~,6,39,301,0.12956810631229235
2019-10-13,d. 31~,7,57,301,0.1893687707641196
2019-10-13,d. 31~,8,53,301,0.1760797342192691
2019-10-13,d. 31~,9,48,301,0.15946843853820597
2019-10-13,d. 31~,10,47,301,0.15614617940199335
2019-10-13,d. 31~,11,43,301,0.14285714285714285
2019-10-13,d. 31~,12,38,301,0.12624584717607973
2019-10-13,d. 31~,13,50,301,0.16611295681063123
2019-10-13,d. 31~,14,44,301,0.1461794019933555
2019-10-13,d. 31~,15,36,301,0.11960132890365449
2019-10-13,d. 31~,16,25,301,0.08305647840531562
2019-10-13,d. 31~,17,31,301,0.10299003322259136
2019-10-13,d. 31~,18,33,301,0.10963455149501661
2019-10-14,a. 0~5,0,952,952,1.0
2019-10-14,a. 0~5,1,221,952,0.23214285714285715
2019-10-14,a. 0~5,2,160,952,0.16806722689075632
2019-10-14,a. 0~5,3,139,952,0.14600840336134455
2019-10-14,a. 0~5,4,163,952,0.17121848739495799
2019-10-14,a. 0~5,5,143,952,0.15021008403361344
2019-10-14,a. 0~5,6,167,952,0.17542016806722688
2019-10-14,a. 0~5,7,158,952,0.16596638655462184
2019-10-14,a. 0~5,8,142,952,0.14915966386554622
2019-10-14,a. 0~5,9,135,952,0.14180672268907563
2019-10-14,a. 0~5,10,123,952,0.12920168067226892
2019-10-14,a. 0~5,11,146,952,0.15336134453781514
2019-10-14,a. 0~5,12,124,952,0.13025210084033614
2019-10-14,a. 0~5,13,138,952,0.14495798319327732
2019-10-14,a. 0~5,14,129,952,0.13550420168067226
2019-10-14,a. 0~5,15,117,952,0.12289915966386554
2019-10-14,a. 0~5,16,105,952,0.11029411764705882
2019-10-14,a. 0~5,17,109,952,0.11449579831932773
2019-10-14,b. 6~10,0,474,474,1.0
2019-10-14,b. 6~10,1,107,474,0.22573839662447256
2019-10-14,b. 6~10,2,74,474,0.15611814345991562
2019-10-14,b. 6~10,3,91,474,0.19198312236286919
2019-10-14,b. 6~10,4,84,474,0.17721518987341772
2019-10-14,b. 6~10,5,62,474,0.1308016877637131
2019-10-14,b. 6~10,6,65,474,0.1371308016877637
2019-10-14,b. 6~10,7,73,474,0.1540084388185654
2019-10-14,b. 6~10,8,64,474,0.1350210970464135
2019-10-14,b. 6~10,9,59,474,0.12447257383966245
2019-10-14,b. 6~10,10,56,474,0.11814345991561181
2019-10-14,b. 6~10,11,56,474,0.11814345991561181
2019-10-14,b. 6~10,12,54,474,0.11392405063291139
2019-10-14,b. 6~10,13,48,474,0.10126582278481013
2019-10-14,b. 6~10,14,45,474,0.0949367088607595
2019-10-14,b. 6~10,15,59,474,0.12447257383966245
2019-10-14,b. 6~10,16,45,474,0.0949367088607595
2019-10-14,b. 6~10,17,47,474,0.09915611814345991
2019-10-14,c. 11~30,0,591,591,1.0
2019-10-14,c. 11~30,1,171,591,0.2893401015228426
2019-10-14,c. 11~30,2,141,591,0.23857868020304568
2019-10-14,c. 11~30,3,132,591,0.2233502538071066
2019-10-14,c. 11~30,4,121,591,0.20473773265651438
2019-10-14,c. 11~30,5,92,591,0.155668358714044
2019-10-14,c. 11~30,6,106,591,0.1793570219966159
2019-10-14,c. 11~30,7,94,591,0.15905245346869712
2019-10-14,c. 11~30,8,85,591,0.14382402707275804
2019-10-14,c. 11~30,9,75,591,0.12690355329949238
2019-10-14,c. 11~30,10,78,591,0.1319796954314721
2019-10-14,c. 11~30,11,78,591,0.1319796954314721
2019-10-14,c. 11~30,12,75,591,0.12690355329949238
2019-10-14,c. 11~30,13,66,591,0.1116751269035533
2019-10-14,c. 11~30,14,66,591,0.1116751269035533
2019-10-14,c. 11~30,15,55,591,0.09306260575296109
2019-10-14,c. 11~30,16,60,591,0.10152284263959391
2019-10-14,c. 11~30,17,68,591,0.11505922165820642
2019-10-14,d. 31~,0,212,212,1.0
2019-10-14,d. 31~,1,72,212,0.33962264150943394
2019-10-14,d. 31~,2,44,212,0.20754716981132076
2019-10-14,d. 31~,3,52,212,0.24528301886792453
2019-10-14,d. 31~,4,54,212,0.25471698113207547
2019-10-14,d. 31~,5,43,212,0.2028301886792453
2019-10-14,d. 31~,6,47,212,0.22169811320754718
2019-10-14,d. 31~,7,39,212,0.18396226415094338
2019-10-14,d. 31~,8,31,212,0.14622641509433962
2019-10-14,d. 31~,9,24,212,0.11320754716981132
2019-10-14,d. 31~,10,35,212,0.1650943396226415
2019-10-14,d. 31~,11,32,212,0.1509433962264151
2019-10-14,d. 31~,12,32,212,0.1509433962264151
2019-10-14,d. 31~,13,23,212,0.10849056603773585
2019-10-14,d. 31~,14,22,212,0.10377358490566038
2019-10-14,d. 31~,15,27,212,0.12735849056603774
2019-10-14,d. 31~,16,25,212,0.1179245283018868
2019-10-14,d. 31~,17,17,212,0.08018867924528301
2019-10-15,a. 0~5,0,1013,1013,1.0
2019-10-15,a. 0~5,1,205,1013,0.20236920039486672
2019-10-15,a. 0~5,2,190,1013,0.18756169792694966
2019-10-15,a. 0~5,3,183,1013,0.18065153010858837
2019-10-15,a. 0~5,4,178,1013,0.175715695952616
2019-10-15,a. 0~5,5,170,1013,0.16781836130306022
2019-10-15,a. 0~5,6,157,1013,0.1549851924975321
2019-10-15,a. 0~5,7,158,1013,0.15597235932872655
2019-10-15,a. 0~5,8,152,1013,0.15004935834155972
2019-10-15,a. 0~5,9,144,1013,0.14215202369200394
2019-10-15,a. 0~5,10,157,1013,0.1549851924975321
2019-10-15,a. 0~5,11,127,1013,0.12537018756169793
2019-10-15,a. 0~5,12,132,1013,0.13030602171767028
2019-10-15,a. 0~5,13,137,1013,0.13524185587364265
2019-10-15,a. 0~5,14,138,1013,0.1362290227048371
2019-10-15,a. 0~5,15,123,1013,0.12142152023692004
2019-10-15,a. 0~5,16,122,1013,0.12043435340572557
2019-10-15,b. 6~10,0,429,429,1.0
2019-10-15,b. 6~10,1,89,429,0.20745920745920746
2019-10-15,b. 6~10,2,70,429,0.16317016317016317
2019-10-15,b. 6~10,3,72,429,0.16783216783216784
2019-10-15,b. 6~10,4,66,429,0.15384615384615385
2019-10-15,b. 6~10,5,62,429,0.1445221445221445
2019-10-15,b. 6~10,6,72,429,0.16783216783216784
2019-10-15,b. 6~10,7,59,429,0.13752913752913754
2019-10-15,b. 6~10,8,72,429,0.16783216783216784
2019-10-15,b. 6~10,9,60,429,0.13986013986013987
2019-10-15,b. 6~10,10,63,429,0.14685314685314685
2019-10-15,b. 6~10,11,50,429,0.11655011655011654
2019-10-15,b. 6~10,12,52,429,0.12121212121212122
2019-10-15,b. 6~10,13,49,429,0.11421911421911422
2019-10-15,b. 6~10,14,56,429,0.13053613053613053
2019-10-15,b. 6~10,15,38,429,0.08857808857808858
2019-10-15,b. 6~10,16,37,429,0.08624708624708624
2019-10-15,c. 11~30,0,579,579,1.0
2019-10-15,c. 11~30,1,176,579,0.30397236614853196
2019-10-15,c. 11~30,2,105,579,0.18134715025906736
2019-10-15,c. 11~30,3,109,579,0.18825561312607944
2019-10-15,c. 11~30,4,81,579,0.13989637305699482
2019-10-15,c. 11~30,5,82,579,0.14162348877374784
2019-10-15,c. 11~30,6,76,579,0.13126079447322972
2019-10-15,c. 11~30,7,77,579,0.13298791018998274
2019-10-15,c. 11~30,8,97,579,0.16753022452504318
2019-10-15,c. 11~30,9,73,579,0.12607944732297063
2019-10-15,c. 11~30,10,76,579,0.13126079447322972
2019-10-15,c. 11~30,11,71,579,0.1226252158894646
2019-10-15,c. 11~30,12,64,579,0.11053540587219343
2019-10-15,c. 11~30,13,62,579,0.1070811744386874
2019-10-15,c. 11~30,14,57,579,0.09844559585492228
2019-10-15,c. 11~30,15,62,579,0.1070811744386874
2019-10-15,c. 11~30,16,60,579,0.10362694300518134
2019-10-15,d. 31~,0,225,225,1.0
2019-10-15,d. 31~,1,88,225,0.39111111111111113
2019-10-15,d. 31~,2,61,225,0.27111111111111114
2019-10-15,d. 31~,3,54,225,0.24
2019-10-15,d. 31~,4,44,225,0.19555555555555557
2019-10-15,d. 31~,5,38,225,0.1688888888888889
2019-10-15,d. 31~,6,45,225,0.2
2019-10-15,d. 31~,7,33,225,0.14666666666666667
2019-10-15,d. 31~,8,33,225,0.14666666666666667
2019-10-15,d. 31~,9,28,225,0.12444444444444444
2019-10-15,d. 31~,10,43,225,0.19111111111111112
2019-10-15,d. 31~,11,28,225,0.12444444444444444
2019-10-15,d. 31~,12,33,225,0.14666666666666667
2019-10-15,d. 31~,13,28,225,0.12444444444444444
2019-10-15,d. 31~,14,22,225,0.09777777777777778
2019-10-15,d. 31~,15,33,225,0.14666666666666667
2019-10-15,d. 31~,16,24,225,0.10666666666666667
2019-10-16,a. 0~5,0,943,943,1.0
2019-10-16,a. 0~5,1,180,943,0.19088016967126192
2019-10-16,a. 0~5,2,158,943,0.16755037115588547
2019-10-16,a. 0~5,3,141,943,0.14952279957582185
2019-10-16,a. 0~5,4,128,943,0.1357370095440085
2019-10-16,a. 0~5,5,131,943,0.13891834570519618
2019-10-16,a. 0~5,6,144,943,0.15270413573700956
2019-10-16,a. 0~5,7,117,943,0.12407211028632026
2019-10-16,a. 0~5,8,110,943,0.11664899257688228
2019-10-16,a. 0~5,9,132,943,0.13997879109225875
2019-10-16,a. 0~5,10,115,943,0.12195121951219512
2019-10-16,a. 0~5,11,125,943,0.1325556733828208
2019-10-16,a. 0~5,12,108,943,0.11452810180275716
2019-10-16,a. 0~5,13,113,943,0.11983032873807
2019-10-16,a. 0~5,14,86,943,0.0911983032873807
2019-10-16,a. 0~5,15,98,943,0.10392364793213149
2019-10-16,b. 6~10,0,410,410,1.0
2019-10-16,b. 6~10,1,81,410,0.1975609756097561
2019-10-16,b. 6~10,2,72,410,0.17560975609756097
2019-10-16,b. 6~10,3,55,410,0.13414634146341464
2019-10-16,b. 6~10,4,53,410,0.12926829268292683
2019-10-16,b. 6~10,5,59,410,0.14390243902439023
2019-10-16,b. 6~10,6,59,410,0.14390243902439023
2019-10-16,b. 6~10,7,51,410,0.12439024390243902
2019-10-16,b. 6~10,8,48,410,0.11707317073170732
2019-10-16,b. 6~10,9,51,410,0.12439024390243902
2019-10-16,b. 6~10,10,49,410,0.11951219512195121
2019-10-16,b. 6~10,11,44,410,0.1073170731707317
2019-10-16,b. 6~10,12,44,410,0.1073170731707317
2019-10-16,b. 6~10,13,49,410,0.11951219512195121
2019-10-16,b. 6~10,14,43,410,0.1048780487804878
2019-10-16,b. 6~10,15,42,410,0.1024390243902439
2019-10-16,c. 11~30,0,573,573,1.0
2019-10-16,c. 11~30,1,145,573,0.2530541012216405
2019-10-16,c. 11~30,2,130,573,0.2268760907504363
2019-10-16,c. 11~30,3,87,573,0.1518324607329843
2019-10-16,c. 11~30,4,91,573,0.15881326352530542
2019-10-16,c. 11~30,5,77,573,0.1343804537521815
2019-10-16,c. 11~30,6,63,573,0.1099476439790576
2019-10-16,c. 11~30,7,62,573,0.1082024432809773
2019-10-16,c. 11~30,8,76,573,0.13263525305410123
2019-10-16,c. 11~30,9,79,573,0.13787085514834205
2019-10-16,c. 11~30,10,59,573,0.10296684118673648
2019-10-16,c. 11~30,11,64,573,0.11169284467713787
2019-10-16,c. 11~30,12,58,573,0.1012216404886562
2019-10-16,c. 11~30,13,68,573,0.11867364746945899
2019-10-16,c. 11~30,14,58,573,0.1012216404886562
2019-10-16,c. 11~30,15,48,573,0.08376963350785341
2019-10-16,d. 31~,0,235,235,1.0
2019-10-16,d. 31~,1,93,235,0.39574468085106385
2019-10-16,d. 31~,2,68,235,0.28936170212765955
2019-10-16,d. 31~,3,47,235,0.2
2019-10-16,d. 31~,4,39,235,0.16595744680851063
2019-10-16,d. 31~,5,41,235,0.17446808510638298
2019-10-16,d. 31~,6,38,235,0.16170212765957448
2019-10-16,d. 31~,7,35,235,0.14893617021276595
2019-10-16,d. 31~,8,36,235,0.15319148936170213
2019-10-16,d. 31~,9,48,235,0.20425531914893616
2019-10-16,d. 31~,10,39,235,0.16595744680851063
2019-10-16,d. 31~,11,30,235,0.1276595744680851
2019-10-16,d. 31~,12,29,235,0.12340425531914893
2019-10-16,d. 31~,13,18,235,0.07659574468085106
2019-10-16,d. 31~,14,17,235,0.07234042553191489
2019-10-16,d. 31~,15,28,235,0.11914893617021277
2019-10-17,a. 0~5,0,757,757,1.0
2019-10-17,a. 0~5,1,145,757,0.19154557463672392
2019-10-17,a. 0~5,2,111,757,0.14663143989431968
2019-10-17,a. 0~5,3,130,757,0.17173051519154559
2019-10-17,a. 0~5,4,92,757,0.1215323645970938
2019-10-17,a. 0~5,5,98,757,0.12945838837516513
2019-10-17,a. 0~5,6,94,757,0.12417437252311757
2019-10-17,a. 0~5,7,92,757,0.1215323645970938
2019-10-17,a. 0~5,8,89,757,0.11756935270805813
2019-10-17,a. 0~5,9,92,757,0.1215323645970938
2019-10-17,a. 0~5,10,80,757,0.10568031704095113
2019-10-17,a. 0~5,11,81,757,0.10700132100396301
2019-10-17,a. 0~5,12,86,757,0.11360634081902246
2019-10-17,a. 0~5,13,84,757,0.11096433289299867
2019-10-17,a. 0~5,14,88,757,0.11624834874504623
2019-10-17,b. 6~10,0,380,380,1.0
2019-10-17,b. 6~10,1,84,380,0.22105263157894736
2019-10-17,b. 6~10,2,73,380,0.19210526315789472
2019-10-17,b. 6~10,3,56,380,0.14736842105263157
2019-10-17,b. 6~10,4,61,380,0.16052631578947368
2019-10-17,b. 6~10,5,63,380,0.16578947368421051
2019-10-17,b. 6~10,6,50,380,0.13157894736842105
2019-10-17,b. 6~10,7,52,380,0.1368421052631579
2019-10-17,b. 6~10,8,60,380,0.15789473684210525
2019-10-17,b. 6~10,9,44,380,0.11578947368421053
2019-10-17,b. 6~10,10,38,380,0.1
2019-10-17,b. 6~10,11,36,380,0.09473684210526316
2019-10-17,b. 6~10,12,40,380,0.10526315789473684
2019-10-17,b. 6~10,13,34,380,0.08947368421052632
2019-10-17,b. 6~10,14,33,380,0.0868421052631579
2019-10-17,c. 11~30,0,433,433,1.0
2019-10-17,c. 11~30,1,136,433,0.3140877598152425
2019-10-17,c. 11~30,2,97,433,0.22401847575057737
2019-10-17,c. 11~30,3,89,433,0.20554272517321015
2019-10-17,c. 11~30,4,79,433,0.18244803695150116
2019-10-17,c. 11~30,5,69,433,0.15935334872979215
2019-10-17,c. 11~30,6,57,433,0.13163972286374134
2019-10-17,c. 11~30,7,56,433,0.12933025404157045
2019-10-17,c. 11~30,8,57,433,0.13163972286374134
2019-10-17,c. 11~30,9,44,433,0.10161662817551963
2019-10-17,c. 11~30,10,54,433,0.12471131639722864
2019-10-17,c. 11~30,11,55,433,0.12702078521939955
2019-10-17,c. 11~30,12,55,433,0.12702078521939955
2019-10-17,c. 11~30,13,49,433,0.11316397228637413
2019-10-17,c. 11~30,14,38,433,0.08775981524249422
2019-10-17,d. 31~,0,178,178,1.0
2019-10-17,d. 31~,1,72,178,0.4044943820224719
2019-10-17,d. 31~,2,43,178,0.24157303370786518
2019-10-17,d. 31~,3,36,178,0.20224719101123595
2019-10-17,d. 31~,4,37,178,0.20786516853932585
2019-10-17,d. 31~,5,27,178,0.15168539325842698
2019-10-17,d. 31~,6,39,178,0.21910112359550563
2019-10-17,d. 31~,7,37,178,0.20786516853932585
2019-10-17,d. 31~,8,27,178,0.15168539325842698
2019-10-17,d. 31~,9,35,178,0.19662921348314608
2019-10-17,d. 31~,10,26,178,0.14606741573033707
2019-10-17,d. 31~,11,29,178,0.16292134831460675
2019-10-17,d. 31~,12,32,178,0.1797752808988764
2019-10-17,d. 31~,13,20,178,0.11235955056179775
2019-10-17,d. 31~,14,25,178,0.1404494382022472
2019-10-18,a. 0~5,0,822,822,1.0
2019-10-18,a. 0~5,1,179,822,0.21776155717761558
2019-10-18,a. 0~5,2,157,822,0.19099756690997566
2019-10-18,a. 0~5,3,121,822,0.14720194647201945
2019-10-18,a. 0~5,4,120,822,0.145985401459854
2019-10-18,a. 0~5,5,128,822,0.15571776155717762
2019-10-18,a. 0~5,6,118,822,0.1435523114355231
2019-10-18,a. 0~5,7,120,822,0.145985401459854
2019-10-18,a. 0~5,8,113,822,0.13746958637469586
2019-10-18,a. 0~5,9,118,822,0.1435523114355231
2019-10-18,a. 0~5,10,103,822,0.12530413625304138
2019-10-18,a. 0~5,11,86,822,0.10462287104622871
2019-10-18,a. 0~5,12,97,822,0.11800486618004866
2019-10-18,a. 0~5,13,96,822,0.11678832116788321
2019-10-18,b. 6~10,0,340,340,1.0
2019-10-18,b. 6~10,1,67,340,0.19705882352941176
2019-10-18,b. 6~10,2,58,340,0.17058823529411765
2019-10-18,b. 6~10,3,40,340,0.11764705882352941
2019-10-18,b. 6~10,4,36,340,0.10588235294117647
2019-10-18,b. 6~10,5,47,340,0.13823529411764707
2019-10-18,b. 6~10,6,36,340,0.10588235294117647
2019-10-18,b. 6~10,7,44,340,0.12941176470588237
2019-10-18,b. 6~10,8,49,340,0.14411764705882352
2019-10-18,b. 6~10,9,38,340,0.11176470588235295
2019-10-18,b. 6~10,10,36,340,0.10588235294117647
2019-10-18,b. 6~10,11,33,340,0.09705882352941177
2019-10-18,b. 6~10,12,32,340,0.09411764705882353
2019-10-18,b. 6~10,13,32,340,0.09411764705882353
2019-10-18,c. 11~30,0,464,464,1.0
2019-10-18,c. 11~30,1,138,464,0.2974137931034483
2019-10-18,c. 11~30,2,93,464,0.20043103448275862
2019-10-18,c. 11~30,3,83,464,0.1788793103448276
2019-10-18,c. 11~30,4,72,464,0.15517241379310345
2019-10-18,c. 11~30,5,65,464,0.1400862068965517
2019-10-18,c. 11~30,6,70,464,0.15086206896551724
2019-10-18,c. 11~30,7,65,464,0.1400862068965517
2019-10-18,c. 11~30,8,51,464,0.10991379310344827
2019-10-18,c. 11~30,9,43,464,0.09267241379310345
2019-10-18,c. 11~30,10,45,464,0.09698275862068965
2019-10-18,c. 11~30,11,44,464,0.09482758620689655
2019-10-18,c. 11~30,12,46,464,0.09913793103448276
2019-10-18,c. 11~30,13,41,464,0.08836206896551724
2019-10-18,d. 31~,0,218,218,1.0
2019-10-18,d. 31~,1,93,218,0.42660550458715596
2019-10-18,d. 31~,2,78,218,0.3577981651376147
2019-10-18,d. 31~,3,51,218,0.23394495412844038
2019-10-18,d. 31~,4,50,218,0.22935779816513763
2019-10-18,d. 31~,5,50,218,0.22935779816513763
2019-10-18,d. 31~,6,46,218,0.21100917431192662
2019-10-18,d. 31~,7,41,218,0.18807339449541285
2019-10-18,d. 31~,8,35,218,0.16055045871559634
2019-10-18,d. 31~,9,30,218,0.13761467889908258
2019-10-18,d. 31~,10,36,218,0.1651376146788991
2019-10-18,d. 31~,11,37,218,0.16972477064220184
2019-10-18,d. 31~,12,25,218,0.11467889908256881
2019-10-18,d. 31~,13,27,218,0.12385321100917432
2019-10-19,a. 0~5,0,703,703,1.0
2019-10-19,a. 0~5,1,138,703,0.19630156472261737
2019-10-19,a. 0~5,2,108,703,0.15362731152204837
2019-10-19,a. 0~5,3,110,703,0.15647226173541964
2019-10-19,a. 0~5,4,98,703,0.13940256045519203
2019-10-19,a. 0~5,5,85,703,0.12091038406827881
2019-10-19,a. 0~5,6,110,703,0.15647226173541964
2019-10-19,a. 0~5,7,99,703,0.14082503556187767
2019-10-19,a. 0~5,8,96,703,0.13655761024182078
2019-10-19,a. 0~5,9,72,703,0.10241820768136557
2019-10-19,a. 0~5,10,80,703,0.11379800853485064
2019-10-19,a. 0~5,11,80,703,0.11379800853485064
2019-10-19,a. 0~5,12,72,703,0.10241820768136557
2019-10-19,b. 6~10,0,336,336,1.0
2019-10-19,b. 6~10,1,85,336,0.25297619047619047
2019-10-19,b. 6~10,2,50,336,0.1488095238095238
2019-10-19,b. 6~10,3,53,336,0.15773809523809523
2019-10-19,b. 6~10,4,42,336,0.125
2019-10-19,b. 6~10,5,38,336,0.1130952380952381
2019-10-19,b. 6~10,6,49,336,0.14583333333333334
2019-10-19,b. 6~10,7,47,336,0.13988095238095238
2019-10-19,b. 6~10,8,46,336,0.13690476190476192
2019-10-19,b. 6~10,9,36,336,0.10714285714285714
2019-10-19,b. 6~10,10,36,336,0.10714285714285714
2019-10-19,b. 6~10,11,29,336,0.08630952380952381
2019-10-19,b. 6~10,12,26,336,0.07738095238095238
2019-10-19,c. 11~30,0,411,411,1.0
2019-10-19,c. 11~30,1,114,411,0.2773722627737226
2019-10-19,c. 11~30,2,69,411,0.1678832116788321
2019-10-19,c. 11~30,3,62,411,0.15085158150851583
2019-10-19,c. 11~30,4,50,411,0.12165450121654502
2019-10-19,c. 11~30,5,55,411,0.13381995133819952
2019-10-19,c. 11~30,6,58,411,0.1411192214111922
2019-10-19,c. 11~30,7,50,411,0.12165450121654502
2019-10-19,c. 11~30,8,55,411,0.13381995133819952
2019-10-19,c. 11~30,9,47,411,0.11435523114355231
2019-10-19,c. 11~30,10,36,411,0.08759124087591241
2019-10-19,c. 11~30,11,36,411,0.08759124087591241
2019-10-19,c. 11~30,12,30,411,0.072992700729927
2019-10-19,d. 31~,0,193,193,1.0
2019-10-19,d. 31~,1,75,193,0.38860103626943004
2019-10-19,d. 31~,2,48,193,0.24870466321243523
2019-10-19,d. 31~,3,32,193,0.16580310880829016
2019-10-19,d. 31~,4,40,193,0.20725388601036268
2019-10-19,d. 31~,5,20,193,0.10362694300518134
2019-10-19,d. 31~,6,36,193,0.18652849740932642
2019-10-19,d. 31~,7,27,193,0.13989637305699482
2019-10-19,d. 31~,8,19,193,0.09844559585492228
2019-10-19,d. 31~,9,16,193,0.08290155440414508
2019-10-19,d. 31~,10,12,193,0.06217616580310881
2019-10-19,d. 31~,11,18,193,0.09326424870466321
2019-10-19,d. 31~,12,17,193,0.08808290155440414
2019-10-20,a. 0~5,0,732,732,1.0
2019-10-20,a. 0~5,1,135,732,0.18442622950819673
2019-10-20,a. 0~5,2,97,732,0.1325136612021858
2019-10-20,a. 0~5,3,109,732,0.1489071038251366
2019-10-20,a. 0~5,4,86,732,0.11748633879781421
2019-10-20,a. 0~5,5,96,732,0.13114754098360656
2019-10-20,a. 0~5,6,83,732,0.1133879781420765
2019-10-20,a. 0~5,7,82,732,0.11202185792349727
2019-10-20,a. 0~5,8,84,732,0.11475409836065574
2019-10-20,a. 0~5,9,92,732,0.12568306010928962
2019-10-20,a. 0~5,10,74,732,0.10109289617486339
2019-10-20,a. 0~5,11,72,732,0.09836065573770492
2019-10-20,b. 6~10,0,274,274,1.0
2019-10-20,b. 6~10,1,66,274,0.24087591240875914
2019-10-20,b. 6~10,2,61,274,0.22262773722627738
2019-10-20,b. 6~10,3,46,274,0.1678832116788321
2019-10-20,b. 6~10,4,39,274,0.14233576642335766
2019-10-20,b. 6~10,5,44,274,0.16058394160583941
2019-10-20,b. 6~10,6,45,274,0.16423357664233576
2019-10-20,b. 6~10,7,37,274,0.13503649635036497
2019-10-20,b. 6~10,8,28,274,0.10218978102189781
2019-10-20,b. 6~10,9,41,274,0.14963503649635038
2019-10-20,b. 6~10,10,36,274,0.13138686131386862
2019-10-20,b. 6~10,11,28,274,0.10218978102189781
2019-10-20,c. 11~30,0,456,456,1.0
2019-10-20,c. 11~30,1,130,456,0.2850877192982456
2019-10-20,c. 11~30,2,87,456,0.19078947368421054
2019-10-20,c. 11~30,3,73,456,0.1600877192982456
2019-10-20,c. 11~30,4,60,456,0.13157894736842105
2019-10-20,c. 11~30,5,65,456,0.1425438596491228
2019-10-20,c. 11~30,6,68,456,0.14912280701754385
2019-10-20,c. 11~30,7,58,456,0.12719298245614036
2019-10-20,c. 11~30,8,52,456,0.11403508771929824
2019-10-20,c. 11~30,9,57,456,0.125
2019-10-20,c. 11~30,10,44,456,0.09649122807017543
2019-10-20,c. 11~30,11,41,456,0.08991228070175439
2019-10-20,d. 31~,0,184,184,1.0
2019-10-20,d. 31~,1,60,184,0.32608695652173914
2019-10-20,d. 31~,2,48,184,0.2608695652173913
2019-10-20,d. 31~,3,36,184,0.1956521739130435
2019-10-20,d. 31~,4,30,184,0.16304347826086957
2019-10-20,d. 31~,5,30,184,0.16304347826086957
2019-10-20,d. 31~,6,30,184,0.16304347826086957
2019-10-20,d. 31~,7,24,184,0.13043478260869565
2019-10-20,d. 31~,8,28,184,0.15217391304347827
2019-10-20,d. 31~,9,25,184,0.1358695652173913
2019-10-20,d. 31~,10,16,184,0.08695652173913043
2019-10-20,d. 31~,11,18,184,0.09782608695652174
2019-10-21,a. 0~5,0,677,677,1.0
2019-10-21,a. 0~5,1,126,677,0.1861152141802068
2019-10-21,a. 0~5,2,104,677,0.1536189069423929
2019-10-21,a. 0~5,3,90,677,0.1329394387001477
2019-10-21,a. 0~5,4,101,677,0.14918759231905465
2019-10-21,a. 0~5,5,79,677,0.11669128508124077
2019-10-21,a. 0~5,6,62,677,0.0915805022156573
2019-10-21,a. 0~5,7,79,677,0.11669128508124077
2019-10-21,a. 0~5,8,75,677,0.11078286558345643
2019-10-21,a. 0~5,9,78,677,0.11521418020679468
2019-10-21,a. 0~5,10,72,677,0.10635155096011817
2019-10-21,b. 6~10,0,300,300,1.0
2019-10-21,b. 6~10,1,79,300,0.2633333333333333
2019-10-21,b. 6~10,2,63,300,0.21
2019-10-21,b. 6~10,3,44,300,0.14666666666666667
2019-10-21,b. 6~10,4,42,300,0.14
2019-10-21,b. 6~10,5,36,300,0.12
2019-10-21,b. 6~10,6,43,300,0.14333333333333334
2019-10-21,b. 6~10,7,36,300,0.12
2019-10-21,b. 6~10,8,30,300,0.1
2019-10-21,b. 6~10,9,37,300,0.12333333333333334
2019-10-21,b. 6~10,10,39,300,0.13
2019-10-21,c. 11~30,0,407,407,1.0
2019-10-21,c. 11~30,1,114,407,0.2800982800982801
2019-10-21,c. 11~30,2,86,407,0.2113022113022113
2019-10-21,c. 11~30,3,67,407,0.16461916461916462
2019-10-21,c. 11~30,4,62,407,0.15233415233415235
2019-10-21,c. 11~30,5,56,407,0.1375921375921376
2019-10-21,c. 11~30,6,53,407,0.13022113022113022
2019-10-21,c. 11~30,7,51,407,0.12530712530712532
2019-10-21,c. 11~30,8,56,407,0.1375921375921376
2019-10-21,c. 11~30,9,39,407,0.09582309582309582
2019-10-21,c. 11~30,10,45,407,0.11056511056511056
2019-10-21,d. 31~,0,159,159,1.0
2019-10-21,d. 31~,1,64,159,0.4025157232704403
2019-10-21,d. 31~,2,39,159,0.24528301886792453
2019-10-21,d. 31~,3,24,159,0.1509433962264151
2019-10-21,d. 31~,4,20,159,0.12578616352201258
2019-10-21,d. 31~,5,19,159,0.11949685534591195
2019-10-21,d. 31~,6,15,159,0.09433962264150944
2019-10-21,d. 31~,7,21,159,0.1320754716981132
2019-10-21,d. 31~,8,21,159,0.1320754716981132
2019-10-21,d. 31~,9,16,159,0.10062893081761007
2019-10-21,d. 31~,10,17,159,0.1069182389937107
2019-10-22,a. 0~5,0,626,626,1.0
2019-10-22,a. 0~5,1,130,626,0.20766773162939298
2019-10-22,a. 0~5,2,88,626,0.14057507987220447
2019-10-22,a. 0~5,3,88,626,0.14057507987220447
2019-10-22,a. 0~5,4,77,626,0.12300319488817892
2019-10-22,a. 0~5,5,77,626,0.12300319488817892
2019-10-22,a. 0~5,6,60,626,0.09584664536741214
2019-10-22,a. 0~5,7,70,626,0.11182108626198083
2019-10-22,a. 0~5,8,77,626,0.12300319488817892
2019-10-22,a. 0~5,9,77,626,0.12300319488817892
2019-10-22,b. 6~10,0,324,324,1.0
2019-10-22,b. 6~10,1,60,324,0.18518518518518517
2019-10-22,b. 6~10,2,49,324,0.15123456790123457
2019-10-22,b. 6~10,3,42,324,0.12962962962962962
2019-10-22,b. 6~10,4,37,324,0.11419753086419752
2019-10-22,b. 6~10,5,42,324,0.12962962962962962
2019-10-22,b. 6~10,6,37,324,0.11419753086419752
2019-10-22,b. 6~10,7,25,324,0.07716049382716049
2019-10-22,b. 6~10,8,41,324,0.12654320987654322
2019-10-22,b. 6~10,9,26,324,0.08024691358024691
2019-10-22,c. 11~30,0,381,381,1.0
2019-10-22,c. 11~30,1,111,381,0.29133858267716534
2019-10-22,c. 11~30,2,82,381,0.2152230971128609
2019-10-22,c. 11~30,3,68,381,0.1784776902887139
2019-10-22,c. 11~30,4,55,381,0.14435695538057744
2019-10-22,c. 11~30,5,53,381,0.13910761154855644
2019-10-22,c. 11~30,6,60,381,0.15748031496062992
2019-10-22,c. 11~30,7,48,381,0.12598425196850394
2019-10-22,c. 11~30,8,41,381,0.10761154855643044
2019-10-22,c. 11~30,9,45,381,0.11811023622047244
2019-10-22,d. 31~,0,154,154,1.0
2019-10-22,d. 31~,1,51,154,0.33116883116883117
2019-10-22,d. 31~,2,41,154,0.2662337662337662
2019-10-22,d. 31~,3,30,154,0.19480519480519481
2019-10-22,d. 31~,4,27,154,0.17532467532467533
2019-10-22,d. 31~,5,18,154,0.11688311688311688
2019-10-22,d. 31~,6,26,154,0.16883116883116883
2019-10-22,d. 31~,7,15,154,0.09740259740259741
2019-10-22,d. 31~,8,23,154,0.14935064935064934
2019-10-22,d. 31~,9,20,154,0.12987012987012986
2019-10-23,a. 0~5,0,599,599,1.0
2019-10-23,a. 0~5,1,113,599,0.18864774624373956
2019-10-23,a. 0~5,2,88,599,0.14691151919866444
2019-10-23,a. 0~5,3,87,599,0.14524207011686144
2019-10-23,a. 0~5,4,86,599,0.14357262103505844
2019-10-23,a. 0~5,5,78,599,0.1302170283806344
2019-10-23,a. 0~5,6,68,599,0.11352253756260434
2019-10-23,a. 0~5,7,65,599,0.10851419031719532
2019-10-23,a. 0~5,8,66,599,0.11018363939899833
2019-10-23,b. 6~10,0,251,251,1.0
2019-10-23,b. 6~10,1,54,251,0.2151394422310757
2019-10-23,b. 6~10,2,53,251,0.21115537848605578
2019-10-23,b. 6~10,3,49,251,0.1952191235059761
2019-10-23,b. 6~10,4,33,251,0.13147410358565736
2019-10-23,b. 6~10,5,33,251,0.13147410358565736
2019-10-23,b. 6~10,6,24,251,0.09561752988047809
2019-10-23,b. 6~10,7,35,251,0.1394422310756972
2019-10-23,b. 6~10,8,29,251,0.11553784860557768
2019-10-23,c. 11~30,0,354,354,1.0
2019-10-23,c. 11~30,1,92,354,0.2598870056497175
2019-10-23,c. 11~30,2,76,354,0.21468926553672316
2019-10-23,c. 11~30,3,55,354,0.1553672316384181
2019-10-23,c. 11~30,4,48,354,0.13559322033898305
2019-10-23,c. 11~30,5,56,354,0.15819209039548024
2019-10-23,c. 11~30,6,46,354,0.12994350282485875
2019-10-23,c. 11~30,7,41,354,0.11581920903954802
2019-10-23,c. 11~30,8,37,354,0.10451977401129943
2019-10-23,d. 31~,0,145,145,1.0
2019-10-23,d. 31~,1,58,145,0.4
2019-10-23,d. 31~,2,42,145,0.2896551724137931
2019-10-23,d. 31~,3,25,145,0.1724137931034483
2019-10-23,d. 31~,4,21,145,0.14482758620689656
2019-10-23,d. 31~,5,15,145,0.10344827586206896
2019-10-23,d. 31~,6,18,145,0.12413793103448276
2019-10-23,d. 31~,7,13,145,0.0896551724137931
2019-10-23,d. 31~,8,21,145,0.14482758620689656
2019-10-24,a. 0~5,0,505,505,1.0
2019-10-24,a. 0~5,1,101,505,0.2
2019-10-24,a. 0~5,2,76,505,0.1504950495049505
2019-10-24,a. 0~5,3,74,505,0.14653465346534653
2019-10-24,a. 0~5,4,64,505,0.12673267326732673
2019-10-24,a. 0~5,5,81,505,0.1603960396039604
2019-10-24,a. 0~5,6,70,505,0.13861386138613863
2019-10-24,a. 0~5,7,62,505,0.12277227722772277
2019-10-24,b. 6~10,0,217,217,1.0
2019-10-24,b. 6~10,1,52,217,0.23963133640552994
2019-10-24,b. 6~10,2,43,217,0.19815668202764977
2019-10-24,b. 6~10,3,28,217,0.12903225806451613
2019-10-24,b. 6~10,4,29,217,0.1336405529953917
2019-10-24,b. 6~10,5,20,217,0.09216589861751152
2019-10-24,b. 6~10,6,22,217,0.10138248847926268
2019-10-24,b. 6~10,7,22,217,0.10138248847926268
2019-10-24,c. 11~30,0,301,301,1.0
2019-10-24,c. 11~30,1,78,301,0.2591362126245847
2019-10-24,c. 11~30,2,56,301,0.18604651162790697
2019-10-24,c. 11~30,3,50,301,0.16611295681063123
2019-10-24,c. 11~30,4,37,301,0.12292358803986711
2019-10-24,c. 11~30,5,34,301,0.11295681063122924
2019-10-24,c. 11~30,6,30,301,0.09966777408637874
2019-10-24,c. 11~30,7,27,301,0.08970099667774087
2019-10-24,d. 31~,0,171,171,1.0
2019-10-24,d. 31~,1,73,171,0.4269005847953216
2019-10-24,d. 31~,2,40,171,0.23391812865497075
2019-10-24,d. 31~,3,37,171,0.21637426900584794
2019-10-24,d. 31~,4,36,171,0.21052631578947367
2019-10-24,d. 31~,5,34,171,0.19883040935672514
2019-10-24,d. 31~,6,24,171,0.14035087719298245
2019-10-24,d. 31~,7,30,171,0.17543859649122806
2019-10-25,a. 0~5,0,483,483,1.0
2019-10-25,a. 0~5,1,102,483,0.2111801242236025
2019-10-25,a. 0~5,2,69,483,0.14285714285714285
2019-10-25,a. 0~5,3,72,483,0.14906832298136646
2019-10-25,a. 0~5,4,73,483,0.15113871635610765
2019-10-25,a. 0~5,5,60,483,0.12422360248447205
2019-10-25,a. 0~5,6,53,483,0.10973084886128365
2019-10-25,b. 6~10,0,236,236,1.0
2019-10-25,b. 6~10,1,48,236,0.2033898305084746
2019-10-25,b. 6~10,2,38,236,0.16101694915254236
2019-10-25,b. 6~10,3,34,236,0.1440677966101695
2019-10-25,b. 6~10,4,34,236,0.1440677966101695
2019-10-25,b. 6~10,5,28,236,0.11864406779661017
2019-10-25,b. 6~10,6,33,236,0.13983050847457626
2019-10-25,c. 11~30,0,288,288,1.0
2019-10-25,c. 11~30,1,76,288,0.2638888888888889
2019-10-25,c. 11~30,2,59,288,0.2048611111111111
2019-10-25,c. 11~30,3,47,288,0.16319444444444445
2019-10-25,c. 11~30,4,33,288,0.11458333333333333
2019-10-25,c. 11~30,5,46,288,0.1597222222222222
2019-10-25,c. 11~30,6,43,288,0.14930555555555555
2019-10-25,d. 31~,0,161,161,1.0
2019-10-25,d. 31~,1,61,161,0.37888198757763975
2019-10-25,d. 31~,2,36,161,0.2236024844720497
2019-10-25,d. 31~,3,32,161,0.19875776397515527
2019-10-25,d. 31~,4,26,161,0.16149068322981366
2019-10-25,d. 31~,5,25,161,0.15527950310559005
2019-10-25,d. 31~,6,25,161,0.15527950310559005
2019-10-26,a. 0~5,0,400,400,1.0
2019-10-26,a. 0~5,1,72,400,0.18
2019-10-26,a. 0~5,2,63,400,0.1575
2019-10-26,a. 0~5,3,51,400,0.1275
2019-10-26,a. 0~5,4,57,400,0.1425
2019-10-26,a. 0~5,5,55,400,0.1375
2019-10-26,b. 6~10,0,198,198,1.0
2019-10-26,b. 6~10,1,45,198,0.22727272727272727
2019-10-26,b. 6~10,2,33,198,0.16666666666666666
2019-10-26,b. 6~10,3,22,198,0.1111111111111111
2019-10-26,b. 6~10,4,30,198,0.15151515151515152
2019-10-26,b. 6~10,5,25,198,0.12626262626262627
2019-10-26,c. 11~30,0,282,282,1.0
2019-10-26,c. 11~30,1,73,282,0.25886524822695034
2019-10-26,c. 11~30,2,57,282,0.20212765957446807
2019-10-26,c. 11~30,3,41,282,0.1453900709219858
2019-10-26,c. 11~30,4,39,282,0.13829787234042554
2019-10-26,c. 11~30,5,38,282,0.1347517730496454
2019-10-26,d. 31~,0,138,138,1.0
2019-10-26,d. 31~,1,71,138,0.5144927536231884
2019-10-26,d. 31~,2,34,138,0.2463768115942029
2019-10-26,d. 31~,3,21,138,0.15217391304347827
2019-10-26,d. 31~,4,23,138,0.16666666666666666
2019-10-26,d. 31~,5,20,138,0.14492753623188406
2019-10-27,a. 0~5,0,364,364,1.0
2019-10-27,a. 0~5,1,70,364,0.19230769230769232
2019-10-27,a. 0~5,2,58,364,0.15934065934065933
2019-10-27,a. 0~5,3,52,364,0.14285714285714285
2019-10-27,a. 0~5,4,45,364,0.12362637362637363
2019-10-27,b. 6~10,0,209,209,1.0
2019-10-27,b. 6~10,1,52,209,0.24880382775119617
2019-10-27,b. 6~10,2,41,209,0.19617224880382775
2019-10-27,b. 6~10,3,35,209,0.1674641148325359
2019-10-27,b. 6~10,4,27,209,0.1291866028708134
2019-10-27,c. 11~30,0,269,269,1.0
2019-10-27,c. 11~30,1,65,269,0.241635687732342
2019-10-27,c. 11~30,2,47,269,0.17472118959107807
2019-10-27,c. 11~30,3,42,269,0.15613382899628253
2019-10-27,c. 11~30,4,34,269,0.12639405204460966
2019-10-27,d. 31~,0,147,147,1.0
2019-10-27,d. 31~,1,51,147,0.3469387755102041
2019-10-27,d. 31~,2,46,147,0.3129251700680272
2019-10-27,d. 31~,3,33,147,0.22448979591836735
2019-10-27,d. 31~,4,31,147,0.2108843537414966
2019-10-28,a. 0~5,0,319,319,1.0
2019-10-28,a. 0~5,1,65,319,0.20376175548589343
2019-10-28,a. 0~5,2,54,319,0.16927899686520376
2019-10-28,a. 0~5,3,47,319,0.14733542319749215
2019-10-28,b. 6~10,0,167,167,1.0
2019-10-28,b. 6~10,1,32,167,0.19161676646706588
2019-10-28,b. 6~10,2,26,167,0.15568862275449102
2019-10-28,b. 6~10,3,22,167,0.1317365269461078
2019-10-28,c. 11~30,0,254,254,1.0
2019-10-28,c. 11~30,1,55,254,0.21653543307086615
2019-10-28,c. 11~30,2,47,254,0.18503937007874016
2019-10-28,c. 11~30,3,29,254,0.1141732283464567
2019-10-28,d. 31~,0,117,117,1.0
2019-10-28,d. 31~,1,51,117,0.4358974358974359
2019-10-28,d. 31~,2,29,117,0.24786324786324787
2019-10-28,d. 31~,3,18,117,0.15384615384615385
2019-10-29,a. 0~5,0,306,306,1.0
2019-10-29,a. 0~5,1,62,306,0.20261437908496732
2019-10-29,a. 0~5,2,46,306,0.1503267973856209
2019-10-29,b. 6~10,0,167,167,1.0
2019-10-29,b. 6~10,1,41,167,0.24550898203592814
2019-10-29,b. 6~10,2,25,167,0.1497005988023952
2019-10-29,c. 11~30,0,255,255,1.0
2019-10-29,c. 11~30,1,71,255,0.2784313725490196
2019-10-29,c. 11~30,2,47,255,0.1843137254901961
2019-10-29,d. 31~,0,109,109,1.0
2019-10-29,d. 31~,1,43,109,0.3944954128440367
2019-10-29,d. 31~,2,24,109,0.22018348623853212
2019-10-30,a. 0~5,0,278,278,1.0
2019-10-30,a. 0~5,1,54,278,0.19424460431654678
2019-10-30,b. 6~10,0,153,153,1.0
2019-10-30,b. 6~10,1,32,153,0.20915032679738563
2019-10-30,c. 11~30,0,220,220,1.0
2019-10-30,c. 11~30,1,48,220,0.21818181818181817
2019-10-30,d. 31~,0,83,83,1.0
2019-10-30,d. 31~,1,37,83,0.4457831325301205
2019-10-31,a. 0~5,0,250,250,1.0
2019-10-31,b. 6~10,0,127,127,1.0
2019-10-31,c. 11~30,0,210,210,1.0
2019-10-31,d. 31~,0,90,90,1.0
